Problem Number,First Solution Time,All Solutions Time,Solutions Count,GA Time,Best Fitness,Stop Reason,Last Generation
1,N/A,0.0012478828430175781,0,0.0012478828430175781,214550438,No improvement in 2 iterations,2
2,N/A,0.002919912338256836,0,0.002919912338256836,31743,No improvement in 2 iterations,5
3,N/A,0.0035600662231445312,0,0.0035600662231445312,14801467,No improvement in 2 iterations,6
4,N/A,0.004684925079345703,0,0.004684925079345703,614090,No improvement in 2 iterations,8
5,N/A,0.002382040023803711,0,0.002382040023803711,372168,No improvement in 2 iterations,4
6,N/A,0.002974987030029297,0,0.002974987030029297,466993,No improvement in 2 iterations,5
7,N/A,0.001744985580444336,0,0.001744985580444336,863080,No improvement in 2 iterations,3
8,N/A,0.0017638206481933594,0,0.0017638206481933594,16427748,No improvement in 2 iterations,3
9,N/A,0.0011529922485351562,0,0.0011529922485351562,8311854,No improvement in 2 iterations,2
10,N/A,0.003094911575317383,0,0.003094911575317383,12177079,No improvement in 2 iterations,5
11,N/A,0.0029556751251220703,0,0.0029556751251220703,1640475,No improvement in 2 iterations,5
12,N/A,0.003548860549926758,0,0.003548860549926758,37838,No improvement in 2 iterations,6
13,N/A,0.004180192947387695,0,0.004180192947387695,12276983,No improvement in 2 iterations,7
14,N/A,0.004775285720825195,0,0.004775285720825195,3262211,No improvement in 2 iterations,8
15,N/A,0.00177001953125,0,0.00177001953125,10499611,No improvement in 2 iterations,3
16,N/A,0.004904031753540039,0,0.004904031753540039,127053,No improvement in 2 iterations,8
17,N/A,0.004254341125488281,0,0.004254341125488281,1536529,No improvement in 2 iterations,7
18,N/A,0.0011730194091796875,0,0.0011730194091796875,6894796,No improvement in 2 iterations,2
19,N/A,0.002380847930908203,0,0.002380847930908203,734075,No improvement in 2 iterations,4
20,N/A,0.002379179000854492,0,0.002379179000854492,2135918,No improvement in 2 iterations,4
21,N/A,0.004762887954711914,0,0.004762887954711914,1410034,No improvement in 2 iterations,8
22,N/A,0.0017652511596679688,0,0.0017652511596679688,4325552,No improvement in 2 iterations,3
23,N/A,0.0029840469360351562,0,0.0029840469360351562,377944,No improvement in 2 iterations,5
24,N/A,0.0017750263214111328,0,0.0017750263214111328,12940883,No improvement in 2 iterations,3
25,0.00604701042175293,0.00604701042175293,1,0.00604701042175293,0,Zero fitness reached,10
26,N/A,0.003039836883544922,0,0.003039836883544922,56370219,No improvement in 2 iterations,5
27,N/A,0.003018617630004883,0,0.003018617630004883,5204086,No improvement in 2 iterations,5
28,N/A,0.0017993450164794922,0,0.0017993450164794922,305443214,No improvement in 2 iterations,3
29,N/A,0.0017778873443603516,0,0.0017778873443603516,24300568,No improvement in 2 iterations,3
30,N/A,0.004152059555053711,0,0.004152059555053711,11035097,No improvement in 2 iterations,7
31,N/A,0.0024869441986083984,0,0.0024869441986083984,13323762,No improvement in 2 iterations,4
32,N/A,0.001764059066772461,0,0.001764059066772461,344707,No improvement in 2 iterations,3
33,N/A,0.0011699199676513672,0,0.0011699199676513672,82696556,No improvement in 2 iterations,2
34,N/A,0.0012061595916748047,0,0.0012061595916748047,29919683,No improvement in 2 iterations,2
35,N/A,0.0030488967895507812,0,0.0030488967895507812,1087044,No improvement in 2 iterations,5
36,N/A,0.0047991275787353516,0,0.0047991275787353516,5651737,No improvement in 2 iterations,8
37,N/A,0.001783132553100586,0,0.001783132553100586,105958,No improvement in 2 iterations,3
38,N/A,0.0024061203002929688,0,0.0024061203002929688,9165179,No improvement in 2 iterations,4
39,N/A,0.0017862319946289062,0,0.0017862319946289062,622752,No improvement in 2 iterations,3
40,N/A,0.0024750232696533203,0,0.0024750232696533203,19474046,No improvement in 2 iterations,4
41,N/A,0.003654956817626953,0,0.003654956817626953,2273061,No improvement in 2 iterations,3
42,N/A,0.0038890838623046875,0,0.0038890838623046875,3148283,No improvement in 2 iterations,6
43,N/A,0.0045490264892578125,0,0.0045490264892578125,21692883,No improvement in 2 iterations,7
44,N/A,0.005307912826538086,0,0.005307912826538086,265024,No improvement in 2 iterations,8
45,N/A,0.004558086395263672,0,0.004558086395263672,1392628,No improvement in 2 iterations,7
46,N/A,0.003973960876464844,0,0.003973960876464844,3970958,No improvement in 2 iterations,6
47,N/A,0.0030448436737060547,0,0.0030448436737060547,1922830,No improvement in 2 iterations,5
48,N/A,0.004518032073974609,0,0.004518032073974609,244512,No improvement in 2 iterations,6
49,N/A,0.002457857131958008,0,0.002457857131958008,2308243,No improvement in 2 iterations,4
50,N/A,0.0038089752197265625,0,0.0038089752197265625,7045586,No improvement in 2 iterations,6
51,N/A,0.0032279491424560547,0,0.0032279491424560547,17839416,No improvement in 2 iterations,5
52,N/A,0.002480030059814453,0,0.002480030059814453,3195493,No improvement in 2 iterations,4
53,N/A,0.0038237571716308594,0,0.0038237571716308594,2239595,No improvement in 2 iterations,6
54,N/A,0.0046367645263671875,0,0.0046367645263671875,186439429,No improvement in 2 iterations,7
55,N/A,0.0012760162353515625,0,0.0012760162353515625,376690,No improvement in 2 iterations,2
56,N/A,0.004453897476196289,0,0.004453897476196289,27997433,No improvement in 2 iterations,7
57,N/A,0.004439115524291992,0,0.004439115524291992,19091485,No improvement in 2 iterations,7
58,N/A,0.003165006637573242,0,0.003165006637573242,3549973,No improvement in 2 iterations,5
59,N/A,0.002051115036010742,0,0.002051115036010742,23337506,No improvement in 2 iterations,3
60,N/A,0.003470182418823242,0,0.003470182418823242,148429,No improvement in 2 iterations,6
61,N/A,0.002318143844604492,0,0.002318143844604492,2758908,No improvement in 2 iterations,4
62,N/A,0.003662109375,0,0.003662109375,2014990,No improvement in 2 iterations,6
63,N/A,0.0030782222747802734,0,0.0030782222747802734,3494224,No improvement in 2 iterations,5
64,N/A,0.0018308162689208984,0,0.0018308162689208984,258345,No improvement in 2 iterations,3
65,N/A,0.003690958023071289,0,0.003690958023071289,7415670,No improvement in 2 iterations,6
66,N/A,0.0030059814453125,0,0.0030059814453125,8580173,No improvement in 2 iterations,5
67,N/A,0.002997159957885742,0,0.002997159957885742,915349,No improvement in 2 iterations,5
68,N/A,0.004331111907958984,0,0.004331111907958984,19384846,No improvement in 2 iterations,7
69,N/A,0.004964113235473633,0,0.004964113235473633,461151,No improvement in 2 iterations,8
70,N/A,0.0018260478973388672,0,0.0018260478973388672,2334279,No improvement in 2 iterations,3
71,N/A,0.0036292076110839844,0,0.0036292076110839844,4507535,No improvement in 2 iterations,6
72,N/A,0.003139019012451172,0,0.003139019012451172,21898115,No improvement in 2 iterations,5
73,N/A,0.0024530887603759766,0,0.0024530887603759766,6459037,No improvement in 2 iterations,4
74,N/A,0.002402067184448242,0,0.002402067184448242,829676,No improvement in 2 iterations,4
75,N/A,0.0023920536041259766,0,0.0023920536041259766,1178053,No improvement in 2 iterations,4
76,N/A,0.0012061595916748047,0,0.0012061595916748047,2312908,No improvement in 2 iterations,2
77,N/A,0.0049059391021728516,0,0.0049059391021728516,1879519,No improvement in 2 iterations,8
78,N/A,0.0024330615997314453,0,0.0024330615997314453,2880337,No improvement in 2 iterations,4
79,N/A,0.003041982650756836,0,0.003041982650756836,109272,No improvement in 2 iterations,5
80,N/A,0.0024399757385253906,0,0.0024399757385253906,4052778,No improvement in 2 iterations,4
81,N/A,0.001811981201171875,0,0.001811981201171875,3436843,No improvement in 2 iterations,3
82,N/A,0.002396106719970703,0,0.002396106719970703,4257073,No improvement in 2 iterations,4
83,N/A,0.0018167495727539062,0,0.0018167495727539062,79583326,No improvement in 2 iterations,3
84,N/A,0.002034902572631836,0,0.002034902572631836,333442876,No improvement in 2 iterations,3
85,N/A,0.0064356327056884766,0,0.0064356327056884766,105129,No improvement in 2 iterations,11
86,N/A,0.001766204833984375,0,0.001766204833984375,11336153,No improvement in 2 iterations,3
87,N/A,0.003162860870361328,0,0.003162860870361328,920843,No improvement in 2 iterations,5
88,N/A,0.0029401779174804688,0,0.0029401779174804688,29283230,No improvement in 2 iterations,5
89,N/A,0.005589008331298828,0,0.005589008331298828,7189952,No improvement in 2 iterations,9
90,N/A,0.003126859664916992,0,0.003126859664916992,1237131,No improvement in 2 iterations,5
91,N/A,0.0024831295013427734,0,0.0024831295013427734,626687,No improvement in 2 iterations,4
92,N/A,0.0025970935821533203,0,0.0025970935821533203,4637241,No improvement in 2 iterations,4
93,N/A,0.0031108856201171875,0,0.0031108856201171875,6721138,No improvement in 2 iterations,5
94,N/A,0.003779888153076172,0,0.003779888153076172,5348105,No improvement in 2 iterations,6
95,N/A,0.0032308101654052734,0,0.0032308101654052734,36145012,No improvement in 2 iterations,5
96,N/A,0.002534151077270508,0,0.002534151077270508,15775537,No improvement in 2 iterations,4
97,N/A,0.002568960189819336,0,0.002568960189819336,121380962,No improvement in 2 iterations,4
98,N/A,0.0025789737701416016,0,0.0025789737701416016,29434698,No improvement in 2 iterations,4
99,N/A,0.002490997314453125,0,0.002490997314453125,609801,No improvement in 2 iterations,4
100,N/A,0.0018568038940429688,0,0.0018568038940429688,14392112,No improvement in 2 iterations,3
101,N/A,0.0012640953063964844,0,0.0012640953063964844,4264975,No improvement in 2 iterations,2
102,N/A,0.003159046173095703,0,0.003159046173095703,6820631,No improvement in 2 iterations,5
103,N/A,0.0012378692626953125,0,0.0012378692626953125,3574895,No improvement in 2 iterations,2
104,N/A,0.0033621788024902344,0,0.0033621788024902344,2222221,No improvement in 2 iterations,3
105,N/A,0.003854990005493164,0,0.003854990005493164,232200,No improvement in 2 iterations,6
106,N/A,0.0012400150299072266,0,0.0012400150299072266,1603599,No improvement in 2 iterations,2
107,N/A,0.005038022994995117,0,0.005038022994995117,6736354,No improvement in 2 iterations,8
108,N/A,0.0024919509887695312,0,0.0024919509887695312,7586523,No improvement in 2 iterations,4
109,N/A,0.0012428760528564453,0,0.0012428760528564453,3451763,No improvement in 2 iterations,2
110,N/A,0.004369020462036133,0,0.004369020462036133,121073024,No improvement in 2 iterations,7
111,N/A,0.00561833381652832,0,0.00561833381652832,526883,No improvement in 2 iterations,9
112,N/A,0.0024688243865966797,0,0.0024688243865966797,1297160,No improvement in 2 iterations,4
113,N/A,0.0019130706787109375,0,0.0019130706787109375,1023050,No improvement in 2 iterations,3
114,N/A,0.0012531280517578125,0,0.0012531280517578125,1590375,No improvement in 2 iterations,2
115,N/A,0.0030879974365234375,0,0.0030879974365234375,6075640,No improvement in 2 iterations,5
116,N/A,0.0019071102142333984,0,0.0019071102142333984,7776275,No improvement in 2 iterations,3
117,N/A,0.003113985061645508,0,0.003113985061645508,9010414,No improvement in 2 iterations,5
118,N/A,0.0012569427490234375,0,0.0012569427490234375,4438998,No improvement in 2 iterations,2
119,N/A,0.0030908584594726562,0,0.0030908584594726562,8294347,No improvement in 2 iterations,5
120,N/A,0.0012521743774414062,0,0.0012521743774414062,29458074,No improvement in 2 iterations,2
121,N/A,0.004441738128662109,0,0.004441738128662109,19407283,No improvement in 2 iterations,7
122,N/A,0.00133514404296875,0,0.00133514404296875,5086892,No improvement in 2 iterations,2
123,N/A,0.0026488304138183594,0,0.0026488304138183594,10421681,No improvement in 2 iterations,4
124,N/A,0.005652904510498047,0,0.005652904510498047,8023929,No improvement in 2 iterations,9
125,N/A,0.0018830299377441406,0,0.0018830299377441406,1314700,No improvement in 2 iterations,3
126,N/A,0.0025098323822021484,0,0.0025098323822021484,81600669,No improvement in 2 iterations,4
127,N/A,0.0012519359588623047,0,0.0012519359588623047,16397831,No improvement in 2 iterations,2
128,N/A,0.00252532958984375,0,0.00252532958984375,6526770,No improvement in 2 iterations,4
129,N/A,0.003100872039794922,0,0.003100872039794922,742054,No improvement in 2 iterations,5
130,N/A,0.003117084503173828,0,0.003117084503173828,1236151,No improvement in 2 iterations,5
131,N/A,0.0043981075286865234,0,0.0043981075286865234,14926350,No improvement in 2 iterations,7
132,N/A,0.0043489933013916016,0,0.0043489933013916016,2538723,No improvement in 2 iterations,7
133,N/A,0.0024797916412353516,0,0.0024797916412353516,29936581,No improvement in 2 iterations,4
134,N/A,0.005594015121459961,0,0.005594015121459961,3634741,No improvement in 2 iterations,9
135,N/A,0.0037360191345214844,0,0.0037360191345214844,1151896,No improvement in 2 iterations,6
136,N/A,0.002483844757080078,0,0.002483844757080078,11503940,No improvement in 2 iterations,4
137,N/A,0.003131866455078125,0,0.003131866455078125,84445,No improvement in 2 iterations,5
138,N/A,0.0018570423126220703,0,0.0018570423126220703,8925160,No improvement in 2 iterations,3
139,N/A,0.0024819374084472656,0,0.0024819374084472656,10611749,No improvement in 2 iterations,4
140,N/A,0.005583763122558594,0,0.005583763122558594,370615,No improvement in 2 iterations,9
141,N/A,0.0018689632415771484,0,0.0018689632415771484,20550783,No improvement in 2 iterations,3
142,N/A,0.0031290054321289062,0,0.0031290054321289062,6942485,No improvement in 2 iterations,5
143,N/A,0.0056040287017822266,0,0.0056040287017822266,21516604,No improvement in 2 iterations,9
144,N/A,0.0037140846252441406,0,0.0037140846252441406,9744703,No improvement in 2 iterations,6
145,N/A,0.003123044967651367,0,0.003123044967651367,18886140,No improvement in 2 iterations,5
146,N/A,0.0043718814849853516,0,0.0043718814849853516,2315084,No improvement in 2 iterations,7
147,N/A,0.0018701553344726562,0,0.0018701553344726562,2328257,No improvement in 2 iterations,3
148,N/A,0.0024819374084472656,0,0.0024819374084472656,5145678,No improvement in 2 iterations,4
149,N/A,0.0024871826171875,0,0.0024871826171875,344734,No improvement in 2 iterations,4
150,N/A,0.0012390613555908203,0,0.0012390613555908203,25210,No improvement in 2 iterations,2
151,N/A,0.0031211376190185547,0,0.0031211376190185547,13929790,No improvement in 2 iterations,5
152,N/A,0.005599021911621094,0,0.005599021911621094,16984821,No improvement in 2 iterations,9
153,N/A,0.003117799758911133,0,0.003117799758911133,699359,No improvement in 2 iterations,5
154,N/A,0.002482175827026367,0,0.002482175827026367,11800526,No improvement in 2 iterations,4
155,N/A,0.0037238597869873047,0,0.0037238597869873047,1728860,No improvement in 2 iterations,6
156,N/A,0.0037839412689208984,0,0.0037839412689208984,4464341,No improvement in 2 iterations,6
157,N/A,0.0018658638000488281,0,0.0018658638000488281,4225869,No improvement in 2 iterations,3
158,N/A,0.0018587112426757812,0,0.0018587112426757812,31422459,No improvement in 2 iterations,3
159,N/A,0.0012378692626953125,0,0.0012378692626953125,3438784,No improvement in 2 iterations,2
160,N/A,0.002486705780029297,0,0.002486705780029297,4207077,No improvement in 2 iterations,4
161,N/A,0.0024819374084472656,0,0.0024819374084472656,223781,No improvement in 2 iterations,4
162,N/A,0.0024750232696533203,0,0.0024750232696533203,2364364,No improvement in 2 iterations,4
163,N/A,0.0025000572204589844,0,0.0025000572204589844,329475,No improvement in 2 iterations,4
164,N/A,0.0055999755859375,0,0.0055999755859375,54505,No improvement in 2 iterations,9
165,N/A,0.003731966018676758,0,0.003731966018676758,4268171,No improvement in 2 iterations,6
166,N/A,0.004374027252197266,0,0.004374027252197266,1247299,No improvement in 2 iterations,7
167,N/A,0.004366159439086914,0,0.004366159439086914,1747732,No improvement in 2 iterations,7
168,N/A,0.003108978271484375,0,0.003108978271484375,8132472,No improvement in 2 iterations,5
169,N/A,0.0031020641326904297,0,0.0031020641326904297,1449948,No improvement in 2 iterations,5
170,N/A,0.0031032562255859375,0,0.0031032562255859375,1309961,No improvement in 2 iterations,5
171,N/A,0.0037271976470947266,0,0.0037271976470947266,5231897,No improvement in 2 iterations,6
172,N/A,0.0018579959869384766,0,0.0018579959869384766,9026359,No improvement in 2 iterations,3
173,N/A,0.001241922378540039,0,0.001241922378540039,1257888,No improvement in 2 iterations,2
174,N/A,0.00497889518737793,0,0.00497889518737793,628570,No improvement in 2 iterations,8
175,N/A,0.0037240982055664062,0,0.0037240982055664062,1396794,No improvement in 2 iterations,6
176,N/A,0.0025110244750976562,0,0.0025110244750976562,175001,No improvement in 2 iterations,4
177,N/A,0.0024938583374023438,0,0.0024938583374023438,8180153,No improvement in 2 iterations,4
178,N/A,0.002490997314453125,0,0.002490997314453125,20906665,No improvement in 2 iterations,4
179,N/A,0.0012331008911132812,0,0.0012331008911132812,6174720,No improvement in 2 iterations,2
180,N/A,0.006234884262084961,0,0.006234884262084961,526895,No improvement in 2 iterations,10
181,N/A,0.003081083297729492,0,0.003081083297729492,529497,No improvement in 2 iterations,5
182,N/A,0.0018548965454101562,0,0.0018548965454101562,1015110,No improvement in 2 iterations,3
183,N/A,0.003103971481323242,0,0.003103971481323242,682176,No improvement in 2 iterations,5
184,N/A,0.003718852996826172,0,0.003718852996826172,963425,No improvement in 2 iterations,6
185,N/A,0.001856088638305664,0,0.001856088638305664,1275728,No improvement in 2 iterations,3
186,N/A,0.003120899200439453,0,0.003120899200439453,1396233,No improvement in 2 iterations,5
187,N/A,0.0012371540069580078,0,0.0012371540069580078,506941627,No improvement in 2 iterations,2
188,N/A,0.002482891082763672,0,0.002482891082763672,1684201,No improvement in 2 iterations,4
189,N/A,0.004393100738525391,0,0.004393100738525391,3593275,No improvement in 2 iterations,7
190,N/A,0.003125905990600586,0,0.003125905990600586,30346257,No improvement in 2 iterations,5
191,N/A,0.001239776611328125,0,0.001239776611328125,7322645,No improvement in 2 iterations,2
192,N/A,0.0012481212615966797,0,0.0012481212615966797,34592162,No improvement in 2 iterations,2
193,N/A,0.003770112991333008,0,0.003770112991333008,4938245,No improvement in 2 iterations,6
194,N/A,0.0031080245971679688,0,0.0031080245971679688,26579781,No improvement in 2 iterations,5
195,N/A,0.0018551349639892578,0,0.0018551349639892578,7134636,No improvement in 2 iterations,3
196,N/A,0.0031359195709228516,0,0.0031359195709228516,651642,No improvement in 2 iterations,5
197,N/A,0.0031151771545410156,0,0.0031151771545410156,6669457,No improvement in 2 iterations,5
198,N/A,0.0024938583374023438,0,0.0024938583374023438,1593514,No improvement in 2 iterations,4
199,N/A,0.0018570423126220703,0,0.0018570423126220703,2464085,No improvement in 2 iterations,3
200,N/A,0.005028247833251953,0,0.005028247833251953,1944007,No improvement in 2 iterations,8
201,N/A,0.003108978271484375,0,0.003108978271484375,20194600,No improvement in 2 iterations,5
202,N/A,0.0024919509887695312,0,0.0024919509887695312,7906665,No improvement in 2 iterations,4
203,N/A,0.0018770694732666016,0,0.0018770694732666016,2956691,No improvement in 2 iterations,3
204,N/A,0.0018591880798339844,0,0.0018591880798339844,4187972,No improvement in 2 iterations,3
205,N/A,0.0012369155883789062,0,0.0012369155883789062,627112,No improvement in 2 iterations,2
206,N/A,0.004374980926513672,0,0.004374980926513672,4996507,No improvement in 2 iterations,7
207,N/A,0.004364013671875,0,0.004364013671875,4848644,No improvement in 2 iterations,7
208,N/A,0.002499818801879883,0,0.002499818801879883,4224095,No improvement in 2 iterations,4
209,N/A,0.0030961036682128906,0,0.0030961036682128906,997441,No improvement in 2 iterations,5
210,N/A,0.0012507438659667969,0,0.0012507438659667969,24257751,No improvement in 2 iterations,2
211,N/A,0.0012459754943847656,0,0.0012459754943847656,3911007,No improvement in 2 iterations,2
212,N/A,0.0012478828430175781,0,0.0012478828430175781,661077,No improvement in 2 iterations,2
213,N/A,0.0012440681457519531,0,0.0012440681457519531,3438411,No improvement in 2 iterations,2
214,N/A,0.0012350082397460938,0,0.0012350082397460938,3275819,No improvement in 2 iterations,2
215,N/A,0.0012421607971191406,0,0.0012421607971191406,7695819,No improvement in 2 iterations,2
216,N/A,0.001970052719116211,0,0.001970052719116211,2703396,No improvement in 2 iterations,3
217,N/A,0.002481222152709961,0,0.002481222152709961,17482146,No improvement in 2 iterations,4
218,N/A,0.0018532276153564453,0,0.0018532276153564453,280473,No improvement in 2 iterations,3
219,N/A,0.0025768280029296875,0,0.0025768280029296875,700505687,No improvement in 2 iterations,4
220,N/A,0.003735065460205078,0,0.003735065460205078,18079808,No improvement in 2 iterations,6
221,N/A,0.0012488365173339844,0,0.0012488365173339844,2191540,No improvement in 2 iterations,2
222,N/A,0.0031728744506835938,0,0.0031728744506835938,8039374,No improvement in 2 iterations,5
223,N/A,0.0012538433074951172,0,0.0012538433074951172,6902428,No improvement in 2 iterations,2
224,N/A,0.0025129318237304688,0,0.0025129318237304688,842027,No improvement in 2 iterations,4
225,N/A,0.0024979114532470703,0,0.0024979114532470703,31848245,No improvement in 2 iterations,4
226,N/A,0.005068063735961914,0,0.005068063735961914,5449254,No improvement in 2 iterations,8
227,N/A,0.0030951499938964844,0,0.0030951499938964844,5413525,No improvement in 2 iterations,5
228,N/A,0.004441261291503906,0,0.004441261291503906,2548080,No improvement in 2 iterations,7
229,N/A,0.0012438297271728516,0,0.0012438297271728516,6796921,No improvement in 2 iterations,2
230,N/A,0.002496004104614258,0,0.002496004104614258,41581545,No improvement in 2 iterations,4
231,N/A,0.005656003952026367,0,0.005656003952026367,2942281,No improvement in 2 iterations,9
232,N/A,0.0044519901275634766,0,0.0044519901275634766,604416,No improvement in 2 iterations,7
233,N/A,0.0031082630157470703,0,0.0031082630157470703,27441467,No improvement in 2 iterations,5
234,N/A,0.0019588470458984375,0,0.0019588470458984375,35759657,No improvement in 2 iterations,3
235,N/A,0.0037419795989990234,0,0.0037419795989990234,59082772,No improvement in 2 iterations,6
236,N/A,0.0038220882415771484,0,0.0038220882415771484,1279582,No improvement in 2 iterations,6
237,N/A,0.003777742385864258,0,0.003777742385864258,120171313,No improvement in 2 iterations,6
238,N/A,0.004341840744018555,0,0.004341840744018555,1224996,No improvement in 2 iterations,7
239,N/A,0.002538919448852539,0,0.002538919448852539,23037646,No improvement in 2 iterations,4
240,N/A,0.0024881362915039062,0,0.0024881362915039062,15602530,No improvement in 2 iterations,4
241,N/A,0.0031180381774902344,0,0.0031180381774902344,71563,No improvement in 2 iterations,5
242,N/A,0.001291036605834961,0,0.001291036605834961,1685204,No improvement in 2 iterations,2
243,N/A,0.007598161697387695,0,0.007598161697387695,1056501,No improvement in 2 iterations,12
244,N/A,0.002499103546142578,0,0.002499103546142578,501318,No improvement in 2 iterations,4
245,N/A,0.001249074935913086,0,0.001249074935913086,753020,No improvement in 2 iterations,2
246,N/A,0.0019681453704833984,0,0.0019681453704833984,957422378,No improvement in 2 iterations,3
247,N/A,0.001882791519165039,0,0.001882791519165039,13368593,No improvement in 2 iterations,3
248,N/A,0.004472255706787109,0,0.004472255706787109,1444833,No improvement in 2 iterations,7
249,N/A,0.0037169456481933594,0,0.0037169456481933594,2013330,No improvement in 2 iterations,6
250,N/A,0.002588987350463867,0,0.002588987350463867,724823,No improvement in 2 iterations,4
251,N/A,0.002604961395263672,0,0.002604961395263672,3185042,No improvement in 2 iterations,4
252,N/A,0.003970146179199219,0,0.003970146179199219,19933056,No improvement in 2 iterations,6
253,N/A,0.005845069885253906,0,0.005845069885253906,10784667,No improvement in 2 iterations,9
254,N/A,0.0012848377227783203,0,0.0012848377227783203,618742950,No improvement in 2 iterations,2
255,N/A,0.0014929771423339844,0,0.0014929771423339844,154973,No improvement in 2 iterations,2
256,N/A,0.004591941833496094,0,0.004591941833496094,810772,No improvement in 2 iterations,8
257,N/A,0.0035431385040283203,0,0.0035431385040283203,1331864,No improvement in 2 iterations,6
258,N/A,0.0012850761413574219,0,0.0012850761413574219,5890215,No improvement in 2 iterations,2
259,N/A,0.0034880638122558594,0,0.0034880638122558594,5547988,No improvement in 2 iterations,6
260,N/A,0.00598597526550293,0,0.00598597526550293,5167342,No improvement in 2 iterations,10
261,N/A,0.0032389163970947266,0,0.0032389163970947266,4321,No improvement in 2 iterations,5
262,N/A,0.005533933639526367,0,0.005533933639526367,431740,No improvement in 2 iterations,9
263,N/A,0.0030548572540283203,0,0.0030548572540283203,16580510,No improvement in 2 iterations,5
264,N/A,0.001222848892211914,0,0.001222848892211914,12053193,No improvement in 2 iterations,2
265,N/A,0.0018658638000488281,0,0.0018658638000488281,1894776,No improvement in 2 iterations,3
266,N/A,0.002504110336303711,0,0.002504110336303711,9743039,No improvement in 2 iterations,4
267,N/A,0.0012061595916748047,0,0.0012061595916748047,12322219,No improvement in 2 iterations,2
268,N/A,0.003042936325073242,0,0.003042936325073242,9913994,No improvement in 2 iterations,5
269,N/A,0.004892826080322266,0,0.004892826080322266,422053,No improvement in 2 iterations,8
270,N/A,0.0017960071563720703,0,0.0017960071563720703,21140423,No improvement in 2 iterations,3
271,N/A,0.002502918243408203,0,0.002502918243408203,19583340,No improvement in 2 iterations,4
272,N/A,0.0030279159545898438,0,0.0030279159545898438,16493298,No improvement in 2 iterations,5
273,N/A,0.003721952438354492,0,0.003721952438354492,7355184,No improvement in 2 iterations,6
274,N/A,0.006134033203125,0,0.006134033203125,351132870,No improvement in 2 iterations,10
275,N/A,0.003530263900756836,0,0.003530263900756836,15543269,No improvement in 2 iterations,6
276,N/A,0.0030219554901123047,0,0.0030219554901123047,3347815,No improvement in 2 iterations,5
277,N/A,0.0036149024963378906,0,0.0036149024963378906,7576350,No improvement in 2 iterations,6
278,N/A,0.003726959228515625,0,0.003726959228515625,662698,No improvement in 2 iterations,6
279,N/A,0.0023860931396484375,0,0.0023860931396484375,2305998,No improvement in 2 iterations,4
280,N/A,0.0042972564697265625,0,0.0042972564697265625,792304,No improvement in 2 iterations,7
281,N/A,0.0011639595031738281,0,0.0011639595031738281,23953492,No improvement in 2 iterations,2
282,N/A,0.0024499893188476562,0,0.0024499893188476562,4835478,No improvement in 2 iterations,4
283,N/A,0.0012450218200683594,0,0.0012450218200683594,18666320,No improvement in 2 iterations,2
284,N/A,0.0024487972259521484,0,0.0024487972259521484,9536402,No improvement in 2 iterations,4
285,N/A,0.0011570453643798828,0,0.0011570453643798828,8239972,No improvement in 2 iterations,2
286,N/A,0.0024788379669189453,0,0.0024788379669189453,4304398,No improvement in 2 iterations,4
287,N/A,0.004252910614013672,0,0.004252910614013672,88867196,No improvement in 2 iterations,7
288,N/A,0.0018928050994873047,0,0.0018928050994873047,20529803,No improvement in 2 iterations,3
289,N/A,0.0030362606048583984,0,0.0030362606048583984,2121554,No improvement in 2 iterations,5
290,N/A,0.005476236343383789,0,0.005476236343383789,154432,No improvement in 2 iterations,9
291,N/A,0.0036149024963378906,0,0.0036149024963378906,39958328,No improvement in 2 iterations,6
292,N/A,0.0018379688262939453,0,0.0018379688262939453,9711055,No improvement in 2 iterations,3
293,N/A,0.0017781257629394531,0,0.0017781257629394531,1387685,No improvement in 2 iterations,3
294,N/A,0.0036318302154541016,0,0.0036318302154541016,365225940,No improvement in 2 iterations,6
295,N/A,0.007283926010131836,0,0.007283926010131836,15121464,No improvement in 2 iterations,12
296,N/A,0.0018391609191894531,0,0.0018391609191894531,8654154,No improvement in 2 iterations,3
297,N/A,0.0030019283294677734,0,0.0030019283294677734,4682105,No improvement in 2 iterations,5
298,N/A,0.0036301612854003906,0,0.0036301612854003906,2573755,No improvement in 2 iterations,6
299,N/A,0.002384185791015625,0,0.002384185791015625,9165535,No improvement in 2 iterations,4
300,N/A,0.0012867450714111328,0,0.0012867450714111328,5053501,No improvement in 2 iterations,2
301,N/A,0.0042896270751953125,0,0.0042896270751953125,2058109,No improvement in 2 iterations,7
302,N/A,0.002446889877319336,0,0.002446889877319336,5308190,No improvement in 2 iterations,4
303,N/A,0.0029900074005126953,0,0.0029900074005126953,18883892,No improvement in 2 iterations,5
304,N/A,0.0023729801177978516,0,0.0023729801177978516,26468760,No improvement in 2 iterations,4
305,N/A,0.0024111270904541016,0,0.0024111270904541016,10284892,No improvement in 2 iterations,4
306,N/A,0.004914760589599609,0,0.004914760589599609,234125,No improvement in 2 iterations,8
307,N/A,0.0060329437255859375,0,0.0060329437255859375,2185797,No improvement in 2 iterations,10
308,N/A,0.003592967987060547,0,0.003592967987060547,1559649,No improvement in 2 iterations,6
309,N/A,0.004217863082885742,0,0.004217863082885742,51088745,No improvement in 2 iterations,7
310,N/A,0.0030100345611572266,0,0.0030100345611572266,6146315,No improvement in 2 iterations,5
311,N/A,0.001802206039428711,0,0.001802206039428711,6040182,No improvement in 2 iterations,3
312,N/A,0.002414703369140625,0,0.002414703369140625,1032438,No improvement in 2 iterations,4
313,N/A,0.0017728805541992188,0,0.0017728805541992188,15021021,No improvement in 2 iterations,3
314,N/A,0.005467891693115234,0,0.005467891693115234,1030975,No improvement in 2 iterations,9
315,N/A,0.002438783645629883,0,0.002438783645629883,2180096,No improvement in 2 iterations,4
316,N/A,0.0030717849731445312,0,0.0030717849731445312,83901,No improvement in 2 iterations,5
317,N/A,0.0017940998077392578,0,0.0017940998077392578,1087844,No improvement in 2 iterations,3
318,N/A,0.0023899078369140625,0,0.0023899078369140625,630715,No improvement in 2 iterations,4
319,N/A,0.001795053482055664,0,0.001795053482055664,12447229,No improvement in 2 iterations,3
320,N/A,0.0023927688598632812,0,0.0023927688598632812,37759087,No improvement in 2 iterations,4
321,N/A,0.0036318302154541016,0,0.0036318302154541016,10007005,No improvement in 2 iterations,6
322,N/A,0.0051538944244384766,0,0.0051538944244384766,105349422,No improvement in 2 iterations,8
323,N/A,0.003058195114135742,0,0.003058195114135742,388777,No improvement in 2 iterations,5
324,N/A,0.003027200698852539,0,0.003027200698852539,7828370,No improvement in 2 iterations,5
325,N/A,0.001809835433959961,0,0.001809835433959961,18064249,No improvement in 2 iterations,3
326,N/A,0.0042150020599365234,0,0.0042150020599365234,11037016,No improvement in 2 iterations,7
327,N/A,0.0017840862274169922,0,0.0017840862274169922,1859054,No improvement in 2 iterations,3
328,N/A,0.00440216064453125,0,0.00440216064453125,777746,No improvement in 2 iterations,7
329,N/A,0.0024290084838867188,0,0.0024290084838867188,1079284,No improvement in 2 iterations,4
330,N/A,0.005535125732421875,0,0.005535125732421875,733926,No improvement in 2 iterations,9
331,N/A,0.004853010177612305,0,0.004853010177612305,85738051,No improvement in 2 iterations,8
332,N/A,0.003679990768432617,0,0.003679990768432617,2293538,No improvement in 2 iterations,6
333,N/A,0.0011699199676513672,0,0.0011699199676513672,812064,No improvement in 2 iterations,2
334,N/A,0.003062009811401367,0,0.003062009811401367,5736143,No improvement in 2 iterations,5
335,N/A,0.004237651824951172,0,0.004237651824951172,5449844,No improvement in 2 iterations,7
336,N/A,0.0054509639739990234,0,0.0054509639739990234,2027973,No improvement in 2 iterations,9
337,N/A,0.0029871463775634766,0,0.0029871463775634766,11682625,No improvement in 2 iterations,5
338,N/A,0.0029871463775634766,0,0.0029871463775634766,29863336,No improvement in 2 iterations,5
339,N/A,0.0024099349975585938,0,0.0024099349975585938,24146,No improvement in 2 iterations,4
340,N/A,0.0011911392211914062,0,0.0011911392211914062,6127263,No improvement in 2 iterations,2
341,N/A,0.004240989685058594,0,0.004240989685058594,15971002,No improvement in 2 iterations,7
342,N/A,0.0036249160766601562,0,0.0036249160766601562,3007734,No improvement in 2 iterations,6
343,N/A,0.0012140274047851562,0,0.0012140274047851562,15768792,No improvement in 2 iterations,2
344,N/A,0.0030317306518554688,0,0.0030317306518554688,893290,No improvement in 2 iterations,5
345,N/A,0.004233121871948242,0,0.004233121871948242,12719209,No improvement in 2 iterations,7
346,N/A,0.0011658668518066406,0,0.0011658668518066406,2056040,No improvement in 2 iterations,2
347,N/A,0.003020048141479492,0,0.003020048141479492,708771,No improvement in 2 iterations,5
348,N/A,0.0011858940124511719,0,0.0011858940124511719,2704736,No improvement in 2 iterations,2
349,N/A,0.0018069744110107422,0,0.0018069744110107422,16886462,No improvement in 2 iterations,3
350,N/A,0.0012290477752685547,0,0.0012290477752685547,14835754,No improvement in 2 iterations,2
351,N/A,0.003599882125854492,0,0.003599882125854492,2054218,No improvement in 2 iterations,6
352,N/A,0.006642818450927734,0,0.006642818450927734,1660639,No improvement in 2 iterations,11
353,N/A,0.004254341125488281,0,0.004254341125488281,423450,No improvement in 2 iterations,7
354,N/A,0.0024051666259765625,0,0.0024051666259765625,176835877,No improvement in 2 iterations,4
355,N/A,0.003656148910522461,0,0.003656148910522461,10093556,No improvement in 2 iterations,6
356,N/A,0.0030052661895751953,0,0.0030052661895751953,12540230,No improvement in 2 iterations,5
357,N/A,0.0036001205444335938,0,0.0036001205444335938,637062,No improvement in 2 iterations,6
358,N/A,0.0011811256408691406,0,0.0011811256408691406,153422150,No improvement in 2 iterations,2
359,N/A,0.001834869384765625,0,0.001834869384765625,4856121,No improvement in 2 iterations,3
360,N/A,0.002379894256591797,0,0.002379894256591797,7699098,No improvement in 2 iterations,4
361,N/A,0.003635883331298828,0,0.003635883331298828,6958447,No improvement in 2 iterations,6
362,N/A,0.004806041717529297,0,0.004806041717529297,116548341,No improvement in 2 iterations,8
363,N/A,0.0043201446533203125,0,0.0043201446533203125,1096484,No improvement in 2 iterations,7
364,N/A,0.0017838478088378906,0,0.0017838478088378906,822076,No improvement in 2 iterations,3
365,N/A,0.0036170482635498047,0,0.0036170482635498047,837779,No improvement in 2 iterations,6
366,N/A,0.002450227737426758,0,0.002450227737426758,1432218,No improvement in 2 iterations,4
367,N/A,0.0041921138763427734,0,0.0041921138763427734,20513102,No improvement in 2 iterations,7
368,N/A,0.001828908920288086,0,0.001828908920288086,10361033,No improvement in 2 iterations,3
369,N/A,0.0036721229553222656,0,0.0036721229553222656,7503252,No improvement in 2 iterations,6
370,N/A,0.0012660026550292969,0,0.0012660026550292969,1002122,No improvement in 2 iterations,2
371,N/A,0.0018241405487060547,0,0.0018241405487060547,38400,No improvement in 2 iterations,3
372,N/A,0.0030090808868408203,0,0.0030090808868408203,4741105,No improvement in 2 iterations,5
373,N/A,0.003033161163330078,0,0.003033161163330078,4430870,No improvement in 2 iterations,5
374,N/A,0.0024497509002685547,0,0.0024497509002685547,11458,No improvement in 2 iterations,4
375,N/A,0.0017583370208740234,0,0.0017583370208740234,1356011,No improvement in 2 iterations,3
376,N/A,0.0012209415435791016,0,0.0012209415435791016,72718836,No improvement in 2 iterations,2
377,N/A,0.0017671585083007812,0,0.0017671585083007812,9642069,No improvement in 2 iterations,3
378,N/A,0.0036542415618896484,0,0.0036542415618896484,2046869,No improvement in 2 iterations,6
379,N/A,0.0017669200897216797,0,0.0017669200897216797,4224935,No improvement in 2 iterations,3
380,N/A,0.0012218952178955078,0,0.0012218952178955078,3295249,No improvement in 2 iterations,2
381,N/A,0.0054302215576171875,0,0.0054302215576171875,2560357,No improvement in 2 iterations,9
382,N/A,0.0055141448974609375,0,0.0055141448974609375,4082523,No improvement in 2 iterations,9
383,N/A,0.0017826557159423828,0,0.0017826557159423828,12800950,No improvement in 2 iterations,3
384,N/A,0.0018529891967773438,0,0.0018529891967773438,14059534,No improvement in 2 iterations,3
385,N/A,0.0036029815673828125,0,0.0036029815673828125,185532,No improvement in 2 iterations,6
386,N/A,0.0036301612854003906,0,0.0036301612854003906,131901,No improvement in 2 iterations,6
387,N/A,0.0017571449279785156,0,0.0017571449279785156,162446922,No improvement in 2 iterations,3
388,N/A,0.002994060516357422,0,0.002994060516357422,2995463,No improvement in 2 iterations,5
389,N/A,0.00481724739074707,0,0.00481724739074707,828213,No improvement in 2 iterations,8
390,N/A,0.0036301612854003906,0,0.0036301612854003906,4164786,No improvement in 2 iterations,6
391,N/A,0.0030007362365722656,0,0.0030007362365722656,7776,No improvement in 2 iterations,5
392,N/A,0.00177001953125,0,0.00177001953125,3576387,No improvement in 2 iterations,3
393,N/A,0.004272937774658203,0,0.004272937774658203,3209025,No improvement in 2 iterations,7
394,N/A,0.0011548995971679688,0,0.0011548995971679688,1076834,No improvement in 2 iterations,2
395,N/A,0.003053903579711914,0,0.003053903579711914,2085688,No improvement in 2 iterations,5
396,N/A,0.005440950393676758,0,0.005440950393676758,3093635,No improvement in 2 iterations,9
397,N/A,0.002425670623779297,0,0.002425670623779297,2558245,No improvement in 2 iterations,4
398,N/A,0.0036077499389648438,0,0.0036077499389648438,941253,No improvement in 2 iterations,6
399,N/A,0.003676176071166992,0,0.003676176071166992,15804366,No improvement in 2 iterations,6
400,N/A,0.001768350601196289,0,0.001768350601196289,4171942,No improvement in 2 iterations,3
401,N/A,0.0012140274047851562,0,0.0012140274047851562,1736356,No improvement in 2 iterations,2
402,N/A,0.0018548965454101562,0,0.0018548965454101562,2723244,No improvement in 2 iterations,3
403,N/A,0.0017731189727783203,0,0.0017731189727783203,5236974,No improvement in 2 iterations,3
404,N/A,0.002434968948364258,0,0.002434968948364258,4775273,No improvement in 2 iterations,4
405,N/A,0.003665924072265625,0,0.003665924072265625,1585021,No improvement in 2 iterations,6
406,N/A,0.004789113998413086,0,0.004789113998413086,743021,No improvement in 2 iterations,8
407,N/A,0.003056764602661133,0,0.003056764602661133,68797467,No improvement in 2 iterations,5
408,N/A,0.003033876419067383,0,0.003033876419067383,3746068,No improvement in 2 iterations,5
409,N/A,0.0017879009246826172,0,0.0017879009246826172,4207111,No improvement in 2 iterations,3
410,N/A,0.004228115081787109,0,0.004228115081787109,4552893,No improvement in 2 iterations,7
411,N/A,0.0036039352416992188,0,0.0036039352416992188,14967971,No improvement in 2 iterations,6
412,N/A,0.0030350685119628906,0,0.0030350685119628906,2819646,No improvement in 2 iterations,5
413,N/A,0.0029959678649902344,0,0.0029959678649902344,6233094,No improvement in 2 iterations,5
414,N/A,0.002437114715576172,0,0.002437114715576172,50082523,No improvement in 2 iterations,4
415,N/A,0.002991199493408203,0,0.002991199493408203,7037817,No improvement in 2 iterations,5
416,N/A,0.001161813735961914,0,0.001161813735961914,15415087,No improvement in 2 iterations,2
417,N/A,0.0019330978393554688,0,0.0019330978393554688,11490016,No improvement in 2 iterations,3
418,N/A,0.003612041473388672,0,0.003612041473388672,15296713,No improvement in 2 iterations,6
419,N/A,0.0036420822143554688,0,0.0036420822143554688,8370767,No improvement in 2 iterations,6
420,N/A,0.0036351680755615234,0,0.0036351680755615234,343873632,No improvement in 2 iterations,6
421,N/A,0.0018038749694824219,0,0.0018038749694824219,6683090,No improvement in 2 iterations,3
422,N/A,0.0029909610748291016,0,0.0029909610748291016,3010579,No improvement in 2 iterations,5
423,N/A,0.0018470287322998047,0,0.0018470287322998047,4580015,No improvement in 2 iterations,3
424,N/A,0.003000974655151367,0,0.003000974655151367,2361547,No improvement in 2 iterations,5
425,N/A,0.002404928207397461,0,0.002404928207397461,4130498,No improvement in 2 iterations,4
426,N/A,0.0036427974700927734,0,0.0036427974700927734,546703,No improvement in 2 iterations,6
427,N/A,0.0036368370056152344,0,0.0036368370056152344,94777186,No improvement in 2 iterations,6
428,N/A,0.002989053726196289,0,0.002989053726196289,5659296,No improvement in 2 iterations,5
429,N/A,0.005436897277832031,0,0.005436897277832031,14465694,No improvement in 2 iterations,9
430,N/A,0.0030059814453125,0,0.0030059814453125,4765935,No improvement in 2 iterations,5
431,N/A,0.0011599063873291016,0,0.0011599063873291016,1466584,No improvement in 2 iterations,2
432,N/A,0.001232147216796875,0,0.001232147216796875,2243329,No improvement in 2 iterations,2
433,N/A,0.003019094467163086,0,0.003019094467163086,51385634,No improvement in 2 iterations,5
434,N/A,0.002377033233642578,0,0.002377033233642578,168954,No improvement in 2 iterations,4
435,N/A,0.0018122196197509766,0,0.0018122196197509766,3831641,No improvement in 2 iterations,3
436,N/A,0.002384185791015625,0,0.002384185791015625,86209,No improvement in 2 iterations,4
437,N/A,0.0011630058288574219,0,0.0011630058288574219,1253995,No improvement in 2 iterations,2
438,N/A,0.003103971481323242,0,0.003103971481323242,7064877,No improvement in 2 iterations,5
439,N/A,0.0031180381774902344,0,0.0031180381774902344,1018976,No improvement in 2 iterations,5
440,N/A,0.0037360191345214844,0,0.0037360191345214844,26387837,No improvement in 2 iterations,6
441,N/A,0.0031290054321289062,0,0.0031290054321289062,1920399,No improvement in 2 iterations,5
442,N/A,0.001878976821899414,0,0.001878976821899414,3536664,No improvement in 2 iterations,3
443,N/A,0.0018739700317382812,0,0.0018739700317382812,1105903,No improvement in 2 iterations,3
444,N/A,0.0043718814849853516,0,0.0043718814849853516,6325818,No improvement in 2 iterations,7
445,N/A,0.004992008209228516,0,0.004992008209228516,1914134,No improvement in 2 iterations,8
446,N/A,0.003133058547973633,0,0.003133058547973633,9460199,No improvement in 2 iterations,5
447,N/A,0.00251007080078125,0,0.00251007080078125,17893456,No improvement in 2 iterations,4
448,N/A,0.004388093948364258,0,0.004388093948364258,8795742,No improvement in 2 iterations,7
449,N/A,0.006263017654418945,0,0.006263017654418945,7580487,No improvement in 2 iterations,10
450,N/A,0.0024881362915039062,0,0.0024881362915039062,874292,No improvement in 2 iterations,4
451,N/A,0.005003213882446289,0,0.005003213882446289,12474562,No improvement in 2 iterations,8
452,N/A,0.0018761157989501953,0,0.0018761157989501953,3243780,No improvement in 2 iterations,3
453,N/A,0.003122091293334961,0,0.003122091293334961,618245,No improvement in 2 iterations,5
454,N/A,0.0018680095672607422,0,0.0018680095672607422,31508500,No improvement in 2 iterations,3
455,N/A,0.0025229454040527344,0,0.0025229454040527344,189555257,No improvement in 2 iterations,4
456,N/A,0.0018689632415771484,0,0.0018689632415771484,4304088,No improvement in 2 iterations,3
457,N/A,0.0018661022186279297,0,0.0018661022186279297,705169,No improvement in 2 iterations,3
458,N/A,0.0025069713592529297,0,0.0025069713592529297,2473972,No improvement in 2 iterations,4
459,N/A,0.0012598037719726562,0,0.0012598037719726562,875288,No improvement in 2 iterations,2
460,N/A,0.001878976821899414,0,0.001878976821899414,514318,No improvement in 2 iterations,3
461,N/A,0.00186920166015625,0,0.00186920166015625,929043809,No improvement in 2 iterations,3
462,N/A,0.0018658638000488281,0,0.0018658638000488281,90255,No improvement in 2 iterations,3
463,N/A,0.004410982131958008,0,0.004410982131958008,1349131,No improvement in 2 iterations,7
464,N/A,0.0018720626831054688,0,0.0018720626831054688,4795394,No improvement in 2 iterations,3
465,N/A,0.0031850337982177734,0,0.0031850337982177734,82962289,No improvement in 2 iterations,5
466,N/A,0.0019478797912597656,0,0.0019478797912597656,2867728,No improvement in 2 iterations,3
467,N/A,0.0051767826080322266,0,0.0051767826080322266,1846094,No improvement in 2 iterations,8
468,N/A,0.0019829273223876953,0,0.0019829273223876953,2257810,No improvement in 2 iterations,3
469,N/A,0.004190921783447266,0,0.004190921783447266,3171507,No improvement in 2 iterations,6
470,N/A,0.0018720626831054688,0,0.0018720626831054688,13401720,No improvement in 2 iterations,3
471,N/A,0.0037522315979003906,0,0.0037522315979003906,3371965,No improvement in 2 iterations,6
472,N/A,0.0019268989562988281,0,0.0019268989562988281,15552257,No improvement in 2 iterations,3
473,N/A,0.0025038719177246094,0,0.0025038719177246094,1504051,No improvement in 2 iterations,4
474,N/A,0.004896879196166992,0,0.004896879196166992,3604656,No improvement in 2 iterations,8
475,N/A,0.005479097366333008,0,0.005479097366333008,8163429,No improvement in 2 iterations,9
476,N/A,0.004836082458496094,0,0.004836082458496094,29230581,No improvement in 2 iterations,8
477,N/A,0.004860877990722656,0,0.004860877990722656,240078,No improvement in 2 iterations,8
478,N/A,0.0018389225006103516,0,0.0018389225006103516,6552194,No improvement in 2 iterations,3
479,N/A,0.002413034439086914,0,0.002413034439086914,3538772,No improvement in 2 iterations,4
480,N/A,0.0024192333221435547,0,0.0024192333221435547,5106424,No improvement in 2 iterations,4
481,N/A,0.0024261474609375,0,0.0024261474609375,8680703,No improvement in 2 iterations,4
482,N/A,0.0030183792114257812,0,0.0030183792114257812,2055662,No improvement in 2 iterations,5
483,N/A,0.003053903579711914,0,0.003053903579711914,6515839,No improvement in 2 iterations,5
484,N/A,0.0018608570098876953,0,0.0018608570098876953,3398269,No improvement in 2 iterations,3
485,N/A,0.00786590576171875,0,0.00786590576171875,2350272,No improvement in 2 iterations,13
486,N/A,0.0012350082397460938,0,0.0012350082397460938,9993289,No improvement in 2 iterations,2
487,N/A,0.003039121627807617,0,0.003039121627807617,11967673,No improvement in 2 iterations,5
488,N/A,0.0036199092864990234,0,0.0036199092864990234,8811930,No improvement in 2 iterations,6
489,N/A,0.0024309158325195312,0,0.0024309158325195312,8086475,No improvement in 2 iterations,4
490,N/A,0.001249074935913086,0,0.001249074935913086,1443568,No improvement in 2 iterations,2
491,N/A,0.003031015396118164,0,0.003031015396118164,394883,No improvement in 2 iterations,5
492,N/A,0.0017809867858886719,0,0.0017809867858886719,7960370,No improvement in 2 iterations,3
493,N/A,0.002444028854370117,0,0.002444028854370117,9361743,No improvement in 2 iterations,4
494,N/A,0.0011799335479736328,0,0.0011799335479736328,12733642,No improvement in 2 iterations,2
495,N/A,0.0018198490142822266,0,0.0018198490142822266,994699,No improvement in 2 iterations,3
496,N/A,0.0024330615997314453,0,0.0024330615997314453,5962509,No improvement in 2 iterations,4
497,N/A,0.0017879009246826172,0,0.0017879009246826172,236649,No improvement in 2 iterations,3
498,N/A,0.0024089813232421875,0,0.0024089813232421875,5557274,No improvement in 2 iterations,4
499,N/A,0.002410888671875,0,0.002410888671875,3194383,No improvement in 2 iterations,4
500,N/A,0.0018568038940429688,0,0.0018568038940429688,37420229,No improvement in 2 iterations,3
501,N/A,0.001789093017578125,0,0.001789093017578125,28320446,No improvement in 2 iterations,3
502,N/A,0.0018208026885986328,0,0.0018208026885986328,2489193,No improvement in 2 iterations,3
503,N/A,0.00426483154296875,0,0.00426483154296875,692685,No improvement in 2 iterations,7
504,N/A,0.002399921417236328,0,0.002399921417236328,8448790,No improvement in 2 iterations,4
505,N/A,0.004252910614013672,0,0.004252910614013672,4596770,No improvement in 2 iterations,7
506,N/A,0.0024251937866210938,0,0.0024251937866210938,11572,No improvement in 2 iterations,4
507,N/A,0.0036389827728271484,0,0.0036389827728271484,5920957,No improvement in 2 iterations,6
508,N/A,0.0024068355560302734,0,0.0024068355560302734,1714115,No improvement in 2 iterations,4
509,N/A,0.006051063537597656,0,0.006051063537597656,3146483,No improvement in 2 iterations,10
510,N/A,0.0011687278747558594,0,0.0011687278747558594,3034706,No improvement in 2 iterations,2
511,N/A,0.003072023391723633,0,0.003072023391723633,601907,No improvement in 2 iterations,5
512,N/A,0.0024149417877197266,0,0.0024149417877197266,670389,No improvement in 2 iterations,4
513,N/A,0.004393815994262695,0,0.004393815994262695,182550,No improvement in 2 iterations,7
514,N/A,0.004684925079345703,0,0.004684925079345703,1781930,No improvement in 2 iterations,7
515,N/A,0.005536079406738281,0,0.005536079406738281,204623999,No improvement in 2 iterations,9
516,N/A,0.0018470287322998047,0,0.0018470287322998047,3645851,No improvement in 2 iterations,3
517,N/A,0.0015609264373779297,0,0.0015609264373779297,2008917,No improvement in 2 iterations,2
518,N/A,0.003265857696533203,0,0.003265857696533203,7357194,No improvement in 2 iterations,5
519,N/A,0.0035979747772216797,0,0.0035979747772216797,16782734,No improvement in 2 iterations,6
520,N/A,0.0017688274383544922,0,0.0017688274383544922,10826718,No improvement in 2 iterations,3
521,N/A,0.006684064865112305,0,0.006684064865112305,20927511,No improvement in 2 iterations,11
522,N/A,0.0042688846588134766,0,0.0042688846588134766,20740461,No improvement in 2 iterations,7
523,N/A,0.003064870834350586,0,0.003064870834350586,4491784,No improvement in 2 iterations,5
524,N/A,0.0018038749694824219,0,0.0018038749694824219,9920089,No improvement in 2 iterations,3
525,N/A,0.0036978721618652344,0,0.0036978721618652344,2484923,No improvement in 2 iterations,6
526,N/A,0.0018939971923828125,0,0.0018939971923828125,8279796,No improvement in 2 iterations,3
527,N/A,0.0012009143829345703,0,0.0012009143829345703,7553491,No improvement in 2 iterations,2
528,N/A,0.0030281543731689453,0,0.0030281543731689453,3718819,No improvement in 2 iterations,5
529,N/A,0.0011692047119140625,0,0.0011692047119140625,394468623,No improvement in 2 iterations,2
530,N/A,0.00734710693359375,0,0.00734710693359375,3885886,No improvement in 2 iterations,12
531,N/A,0.0011799335479736328,0,0.0011799335479736328,133009,No improvement in 2 iterations,2
532,N/A,0.0018389225006103516,0,0.0018389225006103516,12026634,No improvement in 2 iterations,3
533,N/A,0.0018112659454345703,0,0.0018112659454345703,10024141,No improvement in 2 iterations,3
534,N/A,0.0012052059173583984,0,0.0012052059173583984,1855503,No improvement in 2 iterations,2
535,N/A,0.003631114959716797,0,0.003631114959716797,14798110,No improvement in 2 iterations,6
536,N/A,0.0038619041442871094,0,0.0038619041442871094,1323722,No improvement in 2 iterations,6
537,N/A,0.003676891326904297,0,0.003676891326904297,732464,No improvement in 2 iterations,6
538,N/A,0.002427816390991211,0,0.002427816390991211,971131,No improvement in 2 iterations,4
539,N/A,0.0018301010131835938,0,0.0018301010131835938,5316695,No improvement in 2 iterations,3
540,N/A,0.0024650096893310547,0,0.0024650096893310547,3557559,No improvement in 2 iterations,4
541,N/A,0.001203775405883789,0,0.001203775405883789,11778247,No improvement in 2 iterations,2
542,N/A,0.0037577152252197266,0,0.0037577152252197266,5024273,No improvement in 2 iterations,6
543,N/A,0.004222869873046875,0,0.004222869873046875,18107,No improvement in 2 iterations,7
544,N/A,0.0030982494354248047,0,0.0030982494354248047,1026866,No improvement in 2 iterations,5
545,N/A,0.0018582344055175781,0,0.0018582344055175781,785680,No improvement in 2 iterations,3
546,N/A,0.0018241405487060547,0,0.0018241405487060547,2474154,No improvement in 2 iterations,3
547,N/A,0.0011811256408691406,0,0.0011811256408691406,1341040,No improvement in 2 iterations,2
548,N/A,0.002454042434692383,0,0.002454042434692383,202571,No improvement in 2 iterations,4
549,N/A,0.004921913146972656,0,0.004921913146972656,59077245,No improvement in 2 iterations,8
550,N/A,0.002401113510131836,0,0.002401113510131836,3598522,No improvement in 2 iterations,4
551,N/A,0.0024492740631103516,0,0.0024492740631103516,1394045,No improvement in 2 iterations,4
552,N/A,0.0030679702758789062,0,0.0030679702758789062,84849,No improvement in 2 iterations,5
553,N/A,0.002441883087158203,0,0.002441883087158203,1290352,No improvement in 2 iterations,4
554,N/A,0.003039836883544922,0,0.003039836883544922,575750,No improvement in 2 iterations,5
555,N/A,0.004230976104736328,0,0.004230976104736328,43683005,No improvement in 2 iterations,7
556,N/A,0.0030641555786132812,0,0.0030641555786132812,11451244,No improvement in 2 iterations,5
557,N/A,0.002733945846557617,0,0.002733945846557617,7561248,No improvement in 2 iterations,4
558,N/A,0.0018241405487060547,0,0.0018241405487060547,3557313,No improvement in 2 iterations,3
559,N/A,0.001210927963256836,0,0.001210927963256836,6323571,No improvement in 2 iterations,2
560,N/A,0.0013020038604736328,0,0.0013020038604736328,19935155,No improvement in 2 iterations,2
561,N/A,0.0052258968353271484,0,0.0052258968353271484,78048144,No improvement in 2 iterations,8
562,N/A,0.0022971630096435547,0,0.0022971630096435547,3274632,No improvement in 2 iterations,4
563,N/A,0.004701852798461914,0,0.004701852798461914,31232,No improvement in 2 iterations,8
564,N/A,0.0035619735717773438,0,0.0035619735717773438,1517114,No improvement in 2 iterations,6
565,N/A,0.0018229484558105469,0,0.0018229484558105469,9194360,No improvement in 2 iterations,3
566,N/A,0.00240325927734375,0,0.00240325927734375,6192565,No improvement in 2 iterations,4
567,N/A,0.0030100345611572266,0,0.0030100345611572266,526231,No improvement in 2 iterations,5
568,N/A,0.001844167709350586,0,0.001844167709350586,18107170,No improvement in 2 iterations,3
569,N/A,0.003003835678100586,0,0.003003835678100586,898765,No improvement in 2 iterations,5
570,N/A,0.004225015640258789,0,0.004225015640258789,7241392,No improvement in 2 iterations,7
571,N/A,0.0024459362030029297,0,0.0024459362030029297,27348835,No improvement in 2 iterations,4
572,N/A,0.0042629241943359375,0,0.0042629241943359375,1703219,No improvement in 2 iterations,7
573,N/A,0.0017769336700439453,0,0.0017769336700439453,551428,No improvement in 2 iterations,3
574,N/A,0.0036530494689941406,0,0.0036530494689941406,512339,No improvement in 2 iterations,6
575,N/A,0.0018138885498046875,0,0.0018138885498046875,894229,No improvement in 2 iterations,3
576,N/A,0.003064870834350586,0,0.003064870834350586,5600094,No improvement in 2 iterations,5
577,N/A,0.0018000602722167969,0,0.0018000602722167969,344768181,No improvement in 2 iterations,3
578,N/A,0.0018057823181152344,0,0.0018057823181152344,7102217,No improvement in 2 iterations,3
579,N/A,0.0024499893188476562,0,0.0024499893188476562,56804207,No improvement in 2 iterations,4
580,N/A,0.003657817840576172,0,0.003657817840576172,58916,No improvement in 2 iterations,6
581,N/A,0.0030019283294677734,0,0.0030019283294677734,60214039,No improvement in 2 iterations,5
582,N/A,0.005478858947753906,0,0.005478858947753906,1218619,No improvement in 2 iterations,9
583,N/A,0.004808902740478516,0,0.004808902740478516,152445159,No improvement in 2 iterations,8
584,N/A,0.0030820369720458984,0,0.0030820369720458984,27251829,No improvement in 2 iterations,5
585,N/A,0.004266977310180664,0,0.004266977310180664,14846782,No improvement in 2 iterations,7
586,N/A,0.0017919540405273438,0,0.0017919540405273438,434358,No improvement in 2 iterations,3
587,N/A,0.0018661022186279297,0,0.0018661022186279297,2856421,No improvement in 2 iterations,3
588,N/A,0.003069162368774414,0,0.003069162368774414,799449,No improvement in 2 iterations,5
589,N/A,0.0011792182922363281,0,0.0011792182922363281,4829921,No improvement in 2 iterations,2
590,N/A,0.002476930618286133,0,0.002476930618286133,7898643,No improvement in 2 iterations,4
591,N/A,0.004869937896728516,0,0.004869937896728516,9794558,No improvement in 2 iterations,8
592,N/A,0.004273891448974609,0,0.004273891448974609,6496136,No improvement in 2 iterations,7
593,N/A,0.0011582374572753906,0,0.0011582374572753906,2590959,No improvement in 2 iterations,2
594,N/A,0.0012559890747070312,0,0.0012559890747070312,126622,No improvement in 2 iterations,2
595,N/A,0.0017752647399902344,0,0.0017752647399902344,1423664,No improvement in 2 iterations,3
596,N/A,0.004878044128417969,0,0.004878044128417969,2734332,No improvement in 2 iterations,8
597,N/A,0.0012080669403076172,0,0.0012080669403076172,11786142,No improvement in 2 iterations,2
598,N/A,0.0012161731719970703,0,0.0012161731719970703,16216122,No improvement in 2 iterations,2
599,N/A,0.0012350082397460938,0,0.0012350082397460938,9360380,No improvement in 2 iterations,2
600,N/A,0.0024089813232421875,0,0.0024089813232421875,9662390,No improvement in 2 iterations,4
601,N/A,0.002412080764770508,0,0.002412080764770508,653961,No improvement in 2 iterations,4
602,N/A,0.0018138885498046875,0,0.0018138885498046875,9781244,No improvement in 2 iterations,3
603,N/A,0.0024340152740478516,0,0.0024340152740478516,1706830,No improvement in 2 iterations,4
604,N/A,0.0030579566955566406,0,0.0030579566955566406,1847089,No improvement in 2 iterations,5
605,N/A,0.003013134002685547,0,0.003013134002685547,4472872,No improvement in 2 iterations,5
606,N/A,0.0012309551239013672,0,0.0012309551239013672,984083049,No improvement in 2 iterations,2
607,N/A,0.0018761157989501953,0,0.0018761157989501953,2618372,No improvement in 2 iterations,3
608,N/A,0.004289150238037109,0,0.004289150238037109,7496680,No improvement in 2 iterations,7
609,N/A,0.0017910003662109375,0,0.0017910003662109375,4948,No improvement in 2 iterations,3
610,N/A,0.0030889511108398438,0,0.0030889511108398438,439632,No improvement in 2 iterations,5
611,N/A,0.0017778873443603516,0,0.0017778873443603516,1979757,No improvement in 2 iterations,3
612,N/A,0.003077983856201172,0,0.003077983856201172,7145443,No improvement in 2 iterations,5
613,N/A,0.0011599063873291016,0,0.0011599063873291016,1155540,No improvement in 2 iterations,2
614,N/A,0.003654956817626953,0,0.003654956817626953,44152997,No improvement in 2 iterations,6
615,N/A,0.0012350082397460938,0,0.0012350082397460938,95032430,No improvement in 2 iterations,2
616,N/A,0.003056764602661133,0,0.003056764602661133,102312311,No improvement in 2 iterations,5
617,N/A,0.001165151596069336,0,0.001165151596069336,10099129,No improvement in 2 iterations,2
618,N/A,0.001233816146850586,0,0.001233816146850586,850976681,No improvement in 2 iterations,2
619,N/A,0.0018379688262939453,0,0.0018379688262939453,21119587,No improvement in 2 iterations,3
620,N/A,0.0017769336700439453,0,0.0017769336700439453,407137052,No improvement in 2 iterations,3
621,N/A,0.003030061721801758,0,0.003030061721801758,14214615,No improvement in 2 iterations,5
622,N/A,0.0012319087982177734,0,0.0012319087982177734,3658160,No improvement in 2 iterations,2
623,N/A,0.0017859935760498047,0,0.0017859935760498047,10337838,No improvement in 2 iterations,3
624,N/A,0.0024650096893310547,0,0.0024650096893310547,6663190,No improvement in 2 iterations,4
625,N/A,0.0017781257629394531,0,0.0017781257629394531,8218588,No improvement in 2 iterations,3
626,N/A,0.001203298568725586,0,0.001203298568725586,714017,No improvement in 2 iterations,2
627,N/A,0.0030231475830078125,0,0.0030231475830078125,24002008,No improvement in 2 iterations,5
628,N/A,0.003062009811401367,0,0.003062009811401367,8984078,No improvement in 2 iterations,5
629,N/A,0.0030279159545898438,0,0.0030279159545898438,29085958,No improvement in 2 iterations,5
630,N/A,0.0017879009246826172,0,0.0017879009246826172,2606687,No improvement in 2 iterations,3
631,N/A,0.0054779052734375,0,0.0054779052734375,362886,No improvement in 2 iterations,9
632,N/A,0.003633260726928711,0,0.003633260726928711,13679058,No improvement in 2 iterations,6
633,N/A,0.0012378692626953125,0,0.0012378692626953125,2782873,No improvement in 2 iterations,2
634,N/A,0.004967212677001953,0,0.004967212677001953,4633654,No improvement in 2 iterations,3
635,N/A,0.0018651485443115234,0,0.0018651485443115234,9984051,No improvement in 2 iterations,2
636,N/A,0.003487110137939453,0,0.003487110137939453,9962288,No improvement in 2 iterations,6
637,N/A,0.002376079559326172,0,0.002376079559326172,1527016,No improvement in 2 iterations,4
638,N/A,0.0011713504791259766,0,0.0011713504791259766,4128127,No improvement in 2 iterations,2
639,N/A,0.003542184829711914,0,0.003542184829711914,5152865,No improvement in 2 iterations,6
640,N/A,0.002382040023803711,0,0.002382040023803711,3737503,No improvement in 2 iterations,4
641,N/A,0.0023806095123291016,0,0.0023806095123291016,985123,No improvement in 2 iterations,4
642,N/A,0.0029799938201904297,0,0.0029799938201904297,4631618,No improvement in 2 iterations,5
643,N/A,0.0018360614776611328,0,0.0018360614776611328,2802845,No improvement in 2 iterations,3
644,N/A,0.0012049674987792969,0,0.0012049674987792969,1914402,No improvement in 2 iterations,2
645,N/A,0.0012149810791015625,0,0.0012149810791015625,6219703,No improvement in 2 iterations,2
646,N/A,0.0018050670623779297,0,0.0018050670623779297,1719889,No improvement in 2 iterations,3
647,N/A,0.00635528564453125,0,0.00635528564453125,200216,No improvement in 2 iterations,10
648,N/A,0.00174713134765625,0,0.00174713134765625,139738185,No improvement in 2 iterations,3
649,N/A,0.003017902374267578,0,0.003017902374267578,1010603,No improvement in 2 iterations,5
650,N/A,0.004851818084716797,0,0.004851818084716797,13307280,No improvement in 2 iterations,8
651,N/A,0.0024521350860595703,0,0.0024521350860595703,57503170,No improvement in 2 iterations,4
652,N/A,0.0024261474609375,0,0.0024261474609375,5326727,No improvement in 2 iterations,4
653,N/A,0.006100893020629883,0,0.006100893020629883,763642,No improvement in 2 iterations,10
654,N/A,0.0012080669403076172,0,0.0012080669403076172,1382387,No improvement in 2 iterations,2
655,N/A,0.004418849945068359,0,0.004418849945068359,1102858,No improvement in 2 iterations,7
656,N/A,0.004745960235595703,0,0.004745960235595703,1539544,No improvement in 2 iterations,8
657,N/A,0.0018739700317382812,0,0.0018739700317382812,18899575,No improvement in 2 iterations,3
658,N/A,0.0043680667877197266,0,0.0043680667877197266,4580001,No improvement in 2 iterations,7
659,N/A,0.005579948425292969,0,0.005579948425292969,295232,No improvement in 2 iterations,9
660,N/A,0.0018589496612548828,0,0.0018589496612548828,3997217,No improvement in 2 iterations,3
661,N/A,0.0012328624725341797,0,0.0012328624725341797,36925390,No improvement in 2 iterations,2
662,N/A,0.001870870590209961,0,0.001870870590209961,5010850,No improvement in 2 iterations,3
663,N/A,0.0024869441986083984,0,0.0024869441986083984,21615885,No improvement in 2 iterations,4
664,N/A,0.0024869441986083984,0,0.0024869441986083984,4464505,No improvement in 2 iterations,4
665,N/A,0.004343986511230469,0,0.004343986511230469,443712,No improvement in 2 iterations,7
666,N/A,0.0012531280517578125,0,0.0012531280517578125,398849,No improvement in 2 iterations,2
667,N/A,0.0012390613555908203,0,0.0012390613555908203,1519138,No improvement in 2 iterations,2
668,N/A,0.0018620491027832031,0,0.0018620491027832031,2584265,No improvement in 2 iterations,3
669,N/A,0.0031270980834960938,0,0.0031270980834960938,3807519,No improvement in 2 iterations,5
670,N/A,0.0024759769439697266,0,0.0024759769439697266,14790412,No improvement in 2 iterations,4
671,N/A,0.003748178482055664,0,0.003748178482055664,2945309,No improvement in 2 iterations,6
672,N/A,0.00185394287109375,0,0.00185394287109375,6810752,No improvement in 2 iterations,3
673,N/A,0.0037207603454589844,0,0.0037207603454589844,4784114,No improvement in 2 iterations,6
674,N/A,0.0012471675872802734,0,0.0012471675872802734,4892345,No improvement in 2 iterations,2
675,N/A,0.002492189407348633,0,0.002492189407348633,22689099,No improvement in 2 iterations,4
676,N/A,0.001863241195678711,0,0.001863241195678711,1826951,No improvement in 2 iterations,3
677,N/A,0.0037276744842529297,0,0.0037276744842529297,6314671,No improvement in 2 iterations,6
678,N/A,0.004403114318847656,0,0.004403114318847656,17863287,No improvement in 2 iterations,7
679,N/A,0.003103971481323242,0,0.003103971481323242,5865665,No improvement in 2 iterations,5
680,N/A,0.0012421607971191406,0,0.0012421607971191406,213689,No improvement in 2 iterations,2
681,N/A,0.0024847984313964844,0,0.0024847984313964844,1555773,No improvement in 2 iterations,4
682,N/A,0.005605936050415039,0,0.005605936050415039,260083,No improvement in 2 iterations,9
683,N/A,0.0012400150299072266,0,0.0012400150299072266,9053667,No improvement in 2 iterations,2
684,N/A,0.005571842193603516,0,0.005571842193603516,426104,No improvement in 2 iterations,9
685,N/A,0.001260995864868164,0,0.001260995864868164,1092121,No improvement in 2 iterations,2
686,N/A,0.00189208984375,0,0.00189208984375,8060959,No improvement in 2 iterations,3
687,N/A,0.0018558502197265625,0,0.0018558502197265625,6601747,No improvement in 2 iterations,3
688,N/A,0.0024950504302978516,0,0.0024950504302978516,33711522,No improvement in 2 iterations,4
689,N/A,0.004347801208496094,0,0.004347801208496094,1239750,No improvement in 2 iterations,7
690,N/A,0.0024881362915039062,0,0.0024881362915039062,3811617,No improvement in 2 iterations,4
691,N/A,0.0061969757080078125,0,0.0061969757080078125,5194373,No improvement in 2 iterations,10
692,N/A,0.001238107681274414,0,0.001238107681274414,806226,No improvement in 2 iterations,2
693,N/A,0.0018811225891113281,0,0.0018811225891113281,12843876,No improvement in 2 iterations,3
694,N/A,0.003100156784057617,0,0.003100156784057617,987564,No improvement in 2 iterations,5
695,N/A,0.0068280696868896484,0,0.0068280696868896484,13562372,No improvement in 2 iterations,11
696,N/A,0.0012888908386230469,0,0.0012888908386230469,6289572,No improvement in 2 iterations,2
697,N/A,0.0012888908386230469,0,0.0012888908386230469,5206396,No improvement in 2 iterations,2
698,N/A,0.0018610954284667969,0,0.0018610954284667969,3749386,No improvement in 2 iterations,3
699,N/A,0.002712726593017578,0,0.002712726593017578,1460691,No improvement in 2 iterations,4
700,N/A,0.002493143081665039,0,0.002493143081665039,6881785,No improvement in 2 iterations,4
701,N/A,0.0037469863891601562,0,0.0037469863891601562,7307365,No improvement in 2 iterations,6
702,N/A,0.0037682056427001953,0,0.0037682056427001953,31646065,No improvement in 2 iterations,6
703,N/A,0.0055999755859375,0,0.0055999755859375,1806418,No improvement in 2 iterations,9
704,N/A,0.003738880157470703,0,0.003738880157470703,4300455,No improvement in 2 iterations,6
705,N/A,0.0024890899658203125,0,0.0024890899658203125,3090174,No improvement in 2 iterations,4
706,N/A,0.00438690185546875,0,0.00438690185546875,3971577,No improvement in 2 iterations,7
707,N/A,0.002476930618286133,0,0.002476930618286133,56552899,No improvement in 2 iterations,4
708,N/A,0.0024938583374023438,0,0.0024938583374023438,62042,No improvement in 2 iterations,4
