Problem Number,First Solution Time (s),All Solutions Time (s),Number of Solutions
1,0.7507071495056152,5.78443717956543,1
2,0.03633308410644531,5.803316116333008,1
3,0.5578932762145996,5.808380126953125,3
4,0.0007460117340087891,5.751068830490112,1
5,0.0004889965057373047,5.794717073440552,1
6,0.20531916618347168,5.7748942375183105,1
7,0.13106012344360352,5.823083877563477,1
8,0.38251590728759766,5.843175888061523,1
9,0.14843487739562988,5.852272987365723,1
10,0.005403995513916016,5.839373826980591,1
11,0.6996817588806152,5.809560775756836,1
12,1.090238094329834,5.817312717437744,1
13,1.162708044052124,5.88689112663269,1
14,2.0335700511932373,5.8681840896606445,1
15,0.0002498626708984375,5.832147121429443,1
16,0.010160207748413086,5.82222318649292,1
17,0.33320188522338867,5.82395601272583,1
18,0.03397011756896973,5.809842109680176,1
19,0.30887603759765625,5.964270830154419,1
20,0.07942700386047363,5.900756120681763,1
21,0.12781906127929688,5.821765184402466,1
22,0.2958688735961914,5.852771759033203,1
23,0.9674639701843262,5.7946460247039795,1
24,0.4133718013763428,5.7867958545684814,1
25,0.025471925735473633,5.811061143875122,1
26,0.9208550453186035,5.827115058898926,1
27,0.046339988708496094,5.817576885223389,1
28,0.0007619857788085938,5.791960954666138,1
29,0.29123902320861816,5.816463947296143,1
30,0.0003859996795654297,5.846427917480469,1
31,0.07148575782775879,5.890139818191528,1
32,0.0033652782440185547,5.871575117111206,1
33,0.0004200935363769531,5.806575059890747,1
34,0.029291152954101562,5.808053016662598,1
35,0.1273636817932129,5.821964979171753,1
36,0.011386871337890625,5.76663875579834,1
37,0.0012199878692626953,5.837115049362183,1
38,0.05232691764831543,5.809165000915527,2
39,0.9515688419342041,5.952857971191406,1
40,0.00013899803161621094,5.8640711307525635,1
41,0.0969400405883789,5.837230205535889,1
42,0.2734189033508301,5.804679870605469,1
43,0.2975270748138428,5.803915023803711,1
44,0.0034627914428710938,5.911895036697388,1
45,0.011787176132202148,5.84606409072876,1
46,2.1216630935668945,5.790459871292114,1
47,0.1151580810546875,5.80220103263855,1
48,0.0002682209014892578,5.847607135772705,1
49,0.0003898143768310547,5.829476833343506,1
50,0.0010318756103515625,5.970731735229492,1
51,0.276947021484375,5.8336567878723145,1
52,0.5588388442993164,5.783257961273193,1
53,0.3791048526763916,5.887954950332642,1
54,0.6121010780334473,5.793188095092773,1
55,0.6679689884185791,5.785231113433838,1
56,0.0004017353057861328,5.798799753189087,1
57,0.0024509429931640625,5.7783191204071045,1
58,0.6635122299194336,5.802487134933472,1
59,0.06898713111877441,5.823519945144653,1
60,0.00038909912109375,5.941798210144043,1
61,1.3783979415893555,5.807494878768921,1
62,1.5892629623413086,5.809854984283447,1
63,0.005990266799926758,6.170734167098999,1
64,0.0010349750518798828,6.529136896133423,1
65,0.20464491844177246,5.8932271003723145,1
66,0.6107590198516846,6.32964301109314,1
67,0.0086822509765625,6.4706151485443115,1
68,0.05004715919494629,5.993233919143677,1
69,0.00779271125793457,6.043216705322266,1
70,4.506111145019531e-05,5.9963319301605225,1
71,0.7850890159606934,5.968294858932495,1
72,0.0016739368438720703,5.821809768676758,1
73,0.03171205520629883,5.848590135574341,1
74,3.910064697265625e-05,5.816356182098389,1
75,0.016155004501342773,5.794337034225464,1
76,1.6880600452423096,5.848433971405029,1
77,0.001981973648071289,5.833538770675659,1
78,0.8108108043670654,5.84464693069458,1
79,0.0035190582275390625,6.156309127807617,1
80,0.0008299350738525391,5.812105894088745,1
81,0.0022230148315429688,5.908941030502319,1
82,0.0024940967559814453,5.81317400932312,1
83,0.03994274139404297,5.810723781585693,1
84,0.6219592094421387,5.828514099121094,1
85,1.586134672164917,5.784705638885498,1
86,0.002343893051147461,5.779958963394165,1
87,1.8738808631896973,5.7859227657318115,1
88,0.00014591217041015625,5.859516859054565,1
89,0.010776996612548828,5.841055870056152,1
90,2.0345559120178223,5.781905889511108,2
91,0.07747793197631836,5.891788959503174,2
92,1.0013580322265625e-05,5.879001140594482,1
93,1.5539882183074951,5.850021123886108,1
94,0.22757720947265625,5.880941152572632,2
95,0.042368173599243164,5.847323179244995,1
96,0.3810288906097412,5.814489841461182,1
97,0.00016880035400390625,5.854020833969116,1
98,0.01216888427734375,5.804132699966431,1
99,2.5033950805664062e-05,5.816641092300415,1
100,0.7022109031677246,5.867401838302612,1
101,0.0388789176940918,5.788013696670532,1
102,0.8499062061309814,5.839409351348877,1
103,2.070953845977783,5.853756904602051,1
104,0.04005098342895508,5.988201856613159,1
105,0.008446931838989258,5.784275054931641,1
106,0.000225067138671875,5.8165318965911865,1
107,0.013689994812011719,5.82698392868042,1
108,0.00014090538024902344,5.868245840072632,1
109,0.8696918487548828,5.838700771331787,1
110,0.14094805717468262,5.835995197296143,1
111,0.19495487213134766,5.805092096328735,1
112,0.37120699882507324,5.976035833358765,2
113,0.015760183334350586,5.887774229049683,1
114,0.0017852783203125,5.814742088317871,1
115,0.47602009773254395,5.815227270126343,1
116,0.00038909912109375,5.783376932144165,1
117,0.0024840831756591797,5.820738792419434,1
118,0.04745292663574219,5.782963037490845,1
119,0.01026463508605957,5.875673770904541,1
120,0.046488046646118164,5.799274921417236,1
121,0.0009288787841796875,5.798629999160767,1
122,0.2256779670715332,5.886112928390503,1
123,1.5475969314575195,5.806313991546631,1
124,0.0002281665802001953,5.825424909591675,1
125,0.6011250019073486,5.835779190063477,1
126,0.27649784088134766,5.85162091255188,1
127,0.9923710823059082,6.0610880851745605,1
128,1.2994067668914795,5.81706976890564,1
129,0.3795957565307617,5.794108867645264,2
130,0.9099972248077393,5.901857137680054,2
131,0.0318608283996582,5.802911996841431,1
132,0.040634870529174805,5.84879994392395,1
133,2.9087066650390625e-05,5.766365051269531,1
134,0.30985069274902344,5.784113883972168,1
135,0.00015807151794433594,5.814138174057007,1
136,0.0019919872283935547,6.0478668212890625,1
137,0.9622402191162109,5.918878078460693,1
138,1.2323319911956787,5.802202939987183,1
139,0.008044958114624023,5.798173189163208,1
140,1.7881393432617188e-05,5.831129789352417,1
141,0.00237274169921875,5.885265827178955,1
142,0.06175398826599121,6.01263689994812,1
143,0.044435977935791016,5.848548173904419,1
144,0.0021708011627197266,5.831902980804443,1
145,0.6108453273773193,5.782956123352051,1
146,0.22262907028198242,5.847701072692871,1
147,0.24859285354614258,5.767855882644653,1
148,0.837946891784668,5.777218818664551,1
149,0.40122222900390625,5.965861082077026,1
150,0.07398700714111328,5.997628927230835,1
151,0.07928800582885742,5.897334098815918,1
152,0.0009717941284179688,5.949216842651367,1
153,0.6690008640289307,5.896153926849365,1
154,0.00012302398681640625,5.825795888900757,1
155,0.0345149040222168,5.8950746059417725,1
156,1.7316579818725586,5.979816913604736,1
157,0.011888980865478516,6.002051830291748,1
158,0.5001091957092285,5.97143292427063,1
159,0.6509339809417725,5.95337176322937,1
160,1.1281683444976807,6.028105974197388,2
161,1.1734540462493896,5.826541185379028,1
162,0.00031495094299316406,5.943946838378906,1
163,0.3012659549713135,5.96156907081604,1
164,0.3759160041809082,5.8845579624176025,2
165,0.0015380382537841797,5.807265996932983,1
166,0.0003628730773925781,5.818233013153076,1
167,4.00543212890625e-05,5.813591003417969,1
168,1.0498929023742676,5.839651823043823,1
169,0.00010704994201660156,5.837445020675659,1
170,0.02556896209716797,5.790118932723999,1
171,0.13757586479187012,5.777403831481934,1
172,0.011249780654907227,5.833364009857178,1
173,0.0525212287902832,5.86056113243103,2
174,2.0566201210021973,5.930418252944946,1
175,0.5460948944091797,5.961733818054199,1
176,0.0002377033233642578,5.823281764984131,1
177,2.1373422145843506,5.766690015792847,1
178,0.049420833587646484,5.737890958786011,1
179,0.01520991325378418,5.808714866638184,1
180,0.04027581214904785,5.860862970352173,1
181,0.19937491416931152,5.828107118606567,1
182,0.23157310485839844,5.802592992782593,1
183,0.006006002426147461,5.795751094818115,1
184,0.10718894004821777,5.752099990844727,1
185,0.0059168338775634766,5.787621974945068,1
186,0.9530620574951172,5.805564880371094,1
187,0.0005657672882080078,5.811392784118652,1
188,2.09808349609375e-05,5.781174659729004,1
189,0.5543687343597412,5.968931674957275,2
190,0.011228084564208984,5.9044060707092285,1
191,1.5284879207611084,5.780731201171875,1
192,0.05695509910583496,5.816476106643677,1
193,0.5576140880584717,5.807029962539673,1
194,2.039834976196289,5.819308042526245,1
195,0.006682872772216797,5.777432918548584,1
196,0.0005998611450195312,5.7762110233306885,1
197,4.291534423828125e-05,5.884649038314819,1
198,0.010350227355957031,5.827782154083252,1
199,0.6878039836883545,5.85555100440979,1
200,1.3814549446105957,5.835859775543213,1
201,1.981703281402588,5.818287134170532,1
202,7.128715515136719e-05,5.852025270462036,1
203,0.002299070358276367,5.890125036239624,1
204,2.8133392333984375e-05,5.80771803855896,1
205,0.009546995162963867,5.826864242553711,1
206,0.03207707405090332,5.84178900718689,1
207,0.03700613975524902,5.845782041549683,1
208,0.7947840690612793,5.878451824188232,1
209,0.06398987770080566,5.890275001525879,1
210,0.001268148422241211,5.807167053222656,1
211,0.10047125816345215,5.843928098678589,1
212,1.6269209384918213,6.12747597694397,1
213,0.005278110504150391,5.88361120223999,1
214,0.6195390224456787,5.940876007080078,1
215,0.0003070831298828125,5.867621898651123,1
216,9.608268737792969e-05,5.858281850814819,1
217,0.002530813217163086,6.081451892852783,1
218,0.08073711395263672,5.862296104431152,2
219,0.002048015594482422,6.057476758956909,1
220,1.818207025527954,6.053678750991821,4
221,0.3719782829284668,5.9672040939331055,1
222,0.09764695167541504,6.001362085342407,1
223,0.5260260105133057,5.967604875564575,1
224,0.06713986396789551,6.1518590450286865,1
225,0.08861112594604492,6.003708124160767,1
226,3.814697265625e-05,5.866598129272461,1
227,0.01029825210571289,5.847186326980591,1
228,0.14967775344848633,6.259497880935669,1
229,0.3851170539855957,5.893422842025757,1
230,0.40369105339050293,5.944401264190674,2
231,0.00031280517578125,5.834849119186401,1
232,0.0002570152282714844,5.850854873657227,1
233,0.04454302787780762,5.836978197097778,1
234,0.0013942718505859375,5.800741195678711,1
235,0.03660011291503906,5.815720081329346,1
236,4.410743713378906e-05,5.803911924362183,1
237,0.0020673274993896484,5.777814149856567,1
238,0.004525899887084961,5.794356822967529,1
239,0.28794384002685547,5.758562803268433,1
240,0.7621490955352783,5.769457101821899,1
241,0.025928020477294922,5.829190015792847,1
242,0.03863978385925293,5.819253921508789,1
243,0.5729351043701172,5.813281059265137,1
244,0.27018189430236816,5.817237854003906,1
245,0.00019288063049316406,5.803350925445557,1
246,2.8848648071289062e-05,5.781782865524292,1
247,0.0020928382873535156,5.762099027633667,1
248,0.11246609687805176,5.823423147201538,2
249,0.3053319454193115,5.8096418380737305,1
250,0.0019817352294921875,5.841411828994751,1
251,0.029686927795410156,6.161656856536865,1
252,0.13432025909423828,5.947508335113525,1
253,4.00543212890625e-05,6.291311979293823,1
254,0.10070395469665527,6.023813247680664,1
255,0.33492493629455566,6.077826738357544,1
256,0.005650997161865234,6.067890882492065,1
257,0.6376230716705322,5.821907043457031,1
258,1.3113021850585938e-05,6.0004541873931885,1
259,1.8878779411315918,6.006727933883667,2
260,0.03535580635070801,6.014335870742798,1
261,0.00026607513427734375,5.892210245132446,1
262,0.09216904640197754,5.865936994552612,2
263,0.708981990814209,5.866580963134766,1
264,0.0003800392150878906,5.800446033477783,1
265,0.0003490447998046875,5.911428928375244,1
266,0.015901803970336914,5.7986249923706055,1
267,0.7030868530273438,5.783439874649048,2
268,0.00028896331787109375,5.851455926895142,1
269,0.21100997924804688,5.833360910415649,1
270,0.8558709621429443,5.826158761978149,1
271,1.7532808780670166,5.862208127975464,1
272,0.8354249000549316,5.867191791534424,1
273,0.0757150650024414,5.892114162445068,1
274,0.3290069103240967,5.820537090301514,1
275,8.606910705566406e-05,5.842363119125366,1
276,0.004002809524536133,6.032418966293335,1
277,0.9836132526397705,5.933050155639648,1
278,3.790855407714844e-05,5.8067169189453125,1
279,0.0031630992889404297,5.80234694480896,1
280,2.0265579223632812e-05,5.796543121337891,1
281,0.8931608200073242,5.821635723114014,1
282,0.07021903991699219,5.9547810554504395,1
283,2.09808349609375e-05,5.836075067520142,1
284,0.0008471012115478516,5.9853410720825195,1
285,2.0038979053497314,5.836086988449097,1
286,0.0006711483001708984,5.943185091018677,1
287,0.19362783432006836,5.925423860549927,1
288,1.9565439224243164,5.825571060180664,1
289,0.000202178955078125,5.834157943725586,1
290,0.4234468936920166,5.797266006469727,1
291,0.6912569999694824,5.8192009925842285,1
292,0.004766941070556641,6.023175954818726,1
293,0.0002467632293701172,5.834813833236694,1
294,0.01098012924194336,5.821058988571167,1
295,1.1522011756896973,5.8864240646362305,1
296,0.43691229820251465,5.92546820640564,2
297,4.291534423828125e-05,5.835821866989136,1
298,1.6080541610717773,5.799714088439941,2
299,0.4448881149291992,5.849920988082886,1
300,0.0017359256744384766,5.793165922164917,1
301,0.5937480926513672,5.830659866333008,1
302,0.0010962486267089844,5.782399892807007,1
303,0.03214526176452637,5.786336183547974,1
304,0.0008690357208251953,5.791527032852173,1
305,0.00021505355834960938,5.77882719039917,1
306,0.943634033203125,5.776923179626465,2
307,0.9532029628753662,5.771094083786011,1
308,0.0008809566497802734,6.01534104347229,1
309,0.007603168487548828,6.171668291091919,2
310,0.07496786117553711,5.965951919555664,1
311,0.0023310184478759766,5.868261098861694,1
312,0.002624034881591797,5.8568432331085205,1
313,3.504753112792969e-05,5.843574047088623,1
314,0.020821809768676758,6.026437997817993,1
315,2.0282540321350098,6.0390050411224365,1
316,0.011706113815307617,6.048654079437256,1
317,0.8381140232086182,5.935967922210693,2
318,0.041905879974365234,5.905948877334595,1
319,0.01689600944519043,5.862090826034546,1
320,0.0015697479248046875,6.17081880569458,1
321,0.0010178089141845703,5.9191038608551025,1
322,0.23314404487609863,5.931468963623047,1
323,1.6761341094970703,5.942726135253906,1
324,0.04281926155090332,5.898782253265381,1
325,0.0006101131439208984,5.8816869258880615,1
326,0.005651950836181641,6.153913259506226,1
327,0.0016651153564453125,6.113145112991333,1
328,0.2664473056793213,6.084266185760498,1
329,1.566404104232788,6.0977442264556885,1
330,0.108489990234375,5.969139814376831,1
331,1.1303369998931885,5.82689094543457,1
332,1.4634370803833008,5.785006999969482,1
333,0.0003132820129394531,5.876741886138916,1
334,0.9224798679351807,5.810347080230713,1
335,0.0020029544830322266,5.832669973373413,1
336,0.002232074737548828,5.836278200149536,1
337,1.3113021850585938e-05,5.799271106719971,1
338,0.0003170967102050781,5.9496941566467285,1
339,0.30039119720458984,5.8791279792785645,1
340,1.4006037712097168,5.842960834503174,1
341,0.00040721893310546875,6.2895002365112305,1
342,0.7582838535308838,5.953799724578857,1
343,0.001338958740234375,5.898909091949463,1
344,0.0008718967437744141,5.9280359745025635,1
345,0.012307882308959961,5.889653921127319,1
346,0.0362548828125,5.889297962188721,1
347,0.0005929470062255859,5.91353178024292,1
348,0.00014209747314453125,5.857585191726685,1
349,0.16718006134033203,5.8374998569488525,1
350,1.2043399810791016,5.944324016571045,1
351,0.01470804214477539,6.016053915023804,1
352,1.6925950050354004,5.85417103767395,1
353,3.790855407714844e-05,5.94937801361084,1
354,0.8250281810760498,5.852635145187378,2
355,0.0023500919342041016,6.084547996520996,1
356,0.28944897651672363,5.957497835159302,1
357,0.16634082794189453,5.92488694190979,1
358,0.0001461505889892578,5.93268609046936,1
359,0.15339207649230957,6.077297210693359,1
360,0.48671579360961914,5.996196746826172,1
361,0.007174968719482422,5.879884958267212,1
362,0.11899781227111816,5.987292766571045,1
363,0.2769186496734619,6.067509889602661,2
364,0.0740957260131836,5.91488790512085,1
365,0.4522521495819092,6.128319025039673,1
366,0.0004138946533203125,6.026181936264038,1
367,0.19185900688171387,5.9532787799835205,2
368,1.8402948379516602,5.916024684906006,1
369,0.7693171501159668,5.885972023010254,1
370,0.8305449485778809,5.835281848907471,2
371,0.0017361640930175781,5.821916103363037,1
372,1.1635799407958984,5.856955051422119,1
373,0.10229802131652832,5.875138998031616,1
374,0.0031821727752685547,5.874282121658325,1
375,0.03175711631774902,5.907985210418701,1
376,0.22458291053771973,6.034363031387329,2
377,0.06297802925109863,6.022455215454102,2
378,0.00017595291137695312,6.06158185005188,1
379,0.8737337589263916,5.956068754196167,2
380,0.0006079673767089844,5.98193097114563,1
381,0.20562410354614258,5.990407943725586,1
382,1.9235458374023438,5.998218059539795,1
383,0.018736839294433594,5.803961992263794,1
384,0.00019693374633789062,5.849873065948486,1
385,1.462449312210083,5.786654949188232,1
386,6.794929504394531e-05,5.823693037033081,1
387,0.37549376487731934,5.902047872543335,1
388,0.03622698783874512,5.937282085418701,1
389,0.3369288444519043,6.073237895965576,1
390,1.8205928802490234,5.849516153335571,1
391,9.059906005859375e-06,5.995139122009277,1
392,0.0003147125244140625,5.933254957199097,1
393,1.7176880836486816,5.91266393661499,1
394,0.04457592964172363,5.955981969833374,1
395,0.6655731201171875,5.954843282699585,1
396,0.0169370174407959,6.0513200759887695,1
397,0.3053250312805176,6.0575127601623535,2
398,2.9087066650390625e-05,5.992257118225098,1
399,0.11217474937438965,5.873015880584717,1
400,0.8184492588043213,5.961073160171509,1
401,0.0022399425506591797,5.923847198486328,1
402,4.9114227294921875e-05,5.828867197036743,1
403,0.07123184204101562,5.8064539432525635,1
404,0.0010738372802734375,5.779252052307129,1
405,0.0013251304626464844,5.842081069946289,1
406,0.5204331874847412,5.832061767578125,1
407,0.12504792213439941,5.870136976242065,1
408,0.15549397468566895,5.777320146560669,1
409,0.008271217346191406,5.82956600189209,1
410,0.007673978805541992,5.839066028594971,1
411,0.0036940574645996094,5.815593957901001,1
412,0.0186460018157959,5.854800701141357,1
413,0.0014929771423339844,5.933034181594849,1
414,0.03252720832824707,5.902379035949707,1
415,0.0015900135040283203,6.1819908618927,1
416,1.6856350898742676,5.948732137680054,1
417,0.4340078830718994,5.990966796875,1
418,1.6208710670471191,6.174097061157227,1
419,0.06766915321350098,6.071442127227783,1
420,0.00952911376953125,6.065081834793091,1
421,0.04617500305175781,6.075898885726929,1
422,0.10303807258605957,6.100144147872925,2
423,0.20110726356506348,6.232627868652344,1
424,0.7512822151184082,6.146411895751953,1
425,1.0967254638671875e-05,6.263012170791626,1
426,0.00038695335388183594,6.263056039810181,1
427,1.0012800693511963,6.177886009216309,1
428,0.7763190269470215,6.12537407875061,1
429,0.0005922317504882812,6.1966872215271,1
430,7.700920104980469e-05,6.5235419273376465,1
431,0.4456479549407959,6.198762893676758,1
432,0.33568882942199707,6.299639701843262,1
433,0.7816929817199707,6.17406702041626,1
434,0.012250900268554688,6.1099631786346436,2
435,1.950171947479248,6.112812042236328,1
436,1.8835067749023438e-05,6.027961015701294,1
437,0.00038886070251464844,6.050917863845825,1
438,0.009972095489501953,6.025341987609863,1
439,0.24309420585632324,6.058070182800293,1
440,1.4714868068695068,6.1856019496917725,1
441,0.02204298973083496,6.221645832061768,1
442,0.010867118835449219,6.319991827011108,1
443,0.21401000022888184,6.110759019851685,1
444,0.4687991142272949,6.024817943572998,1
445,0.0002460479736328125,6.042172908782959,1
446,0.6992959976196289,6.158732652664185,1
447,5.507469177246094e-05,6.07899022102356,1
448,1.8300459384918213,6.034051895141602,1
449,0.2709200382232666,6.1253321170806885,1
450,0.06926321983337402,6.365277290344238,1
451,0.6083991527557373,6.040014028549194,1
452,1.103747844696045,6.095067977905273,1
453,0.0014798641204833984,6.025796890258789,1
454,0.012663841247558594,6.060044050216675,1
455,1.565486192703247,6.032742023468018,1
456,0.4057328701019287,6.101547956466675,1
457,2.16436505317688,6.189008951187134,1
458,0.016091108322143555,6.076306104660034,1
459,0.0003399848937988281,6.386494874954224,1
460,0.00028705596923828125,6.065615892410278,1
461,3.504753112792969e-05,6.150882005691528,1
462,0.02867603302001953,6.245618104934692,1
463,0.28840112686157227,6.496261119842529,1
464,0.32274889945983887,6.213995933532715,1
465,0.072509765625,6.257991075515747,1
466,0.010183334350585938,6.111794948577881,1
467,0.4006388187408447,6.318467855453491,1
468,0.00032901763916015625,9.05103588104248,1
469,1.3091638088226318,9.621556997299194,1
470,0.46916699409484863,9.690633058547974,1
471,0.009518623352050781,9.836930990219116,1
472,1.0346240997314453,9.50407600402832,1
473,0.01902914047241211,9.860445976257324,1
474,0.8892509937286377,9.299022674560547,1
475,1.8013060092926025,9.64662504196167,1
476,1.7061100006103516,9.079774141311646,1
477,1.6446499824523926,9.177490949630737,1
478,0.00040984153747558594,8.845026969909668,1
479,0.08633112907409668,8.995063066482544,1
480,0.9341888427734375,9.292844772338867,1
481,0.04013395309448242,9.506541728973389,1
482,1.9582340717315674,9.202016115188599,2
483,2.248634099960327,9.26120114326477,1
484,0.5640697479248047,8.939682006835938,1
485,2.5112860202789307,8.861006259918213,1
486,0.009855985641479492,9.180708169937134,1
487,0.5427720546722412,9.231390953063965,1
488,0.20181512832641602,9.163432359695435,1
489,2.301575183868408,9.113977193832397,1
490,0.012154102325439453,9.49128007888794,1
491,0.0011000633239746094,9.10973596572876,1
492,0.0025358200073242188,9.257753849029541,1
493,0.00017404556274414062,9.355747938156128,1
494,0.40228891372680664,9.135542154312134,1
495,2.3926310539245605,9.109708070755005,1
496,0.3622598648071289,9.210717916488647,1
497,0.06000471115112305,9.029186010360718,1
498,0.330078125,9.228395938873291,1
499,1.922703742980957,9.324828863143921,2
500,0.0005052089691162109,9.413820266723633,1
501,0.5235691070556641,9.375232934951782,1
502,3.174710988998413,9.572326898574829,1
503,2.1456639766693115,9.306406259536743,1
504,0.5470137596130371,9.35930871963501,1
505,0.009155988693237305,8.869168996810913,1
506,6.604194641113281e-05,9.176321983337402,1
507,1.4168610572814941,9.05742597579956,1
508,0.9414141178131104,9.067505836486816,1
509,0.00019812583923339844,9.304963111877441,1
510,0.039343833923339844,9.179855108261108,1
511,0.6707701683044434,9.00255799293518,1
512,0.00034308433532714844,9.696664094924927,1
513,0.5618138313293457,10.49530291557312,1
514,0.00032401084899902344,10.261900901794434,1
515,0.001737833023071289,10.161859035491943,1
516,0.01554417610168457,10.24331021308899,1
517,0.5605497360229492,9.991613864898682,1
518,0.07468605041503906,10.162919044494629,1
519,0.6351747512817383,10.181732892990112,1
520,0.026970863342285156,10.475390911102295,1
521,0.008241891860961914,10.2377347946167,1
522,0.019111156463623047,10.306457996368408,2
523,0.3519890308380127,10.393555164337158,1
524,2.2913310527801514,10.522448062896729,1
525,0.0003268718719482422,10.219428062438965,1
526,0.11132407188415527,10.643242120742798,1
527,0.06677699089050293,12.215906143188477,1
528,0.13249993324279785,12.066879987716675,1
529,1.5294790267944336,10.270071029663086,1
530,2.281813859939575,10.406911849975586,1
531,0.08438491821289062,10.257431030273438,1
532,1.835649013519287,9.942756175994873,1
533,5.2928924560546875e-05,10.4652578830719,1
534,0.8944199085235596,10.629771947860718,1
535,0.1074070930480957,10.362769842147827,1
536,3.4832639694213867,10.196605920791626,1
537,0.016193866729736328,10.186831712722778,1
538,2.036045789718628,10.28264307975769,1
539,0.0006568431854248047,9.856986999511719,1
540,0.06755781173706055,10.485590934753418,1
541,2.4455721378326416,10.329771995544434,1
542,0.5093700885772705,10.049443244934082,1
543,2.9296741485595703,10.546983003616333,1
544,1.8698360919952393,10.386022806167603,1
545,3.652395009994507,9.995086193084717,1
546,0.0037169456481933594,10.204171895980835,1
547,0.00028014183044433594,9.714049100875854,1
548,0.0239870548248291,10.164156913757324,1
549,0.019170761108398438,9.934929847717285,1
550,0.016774892807006836,9.911348104476929,1
551,0.008136272430419922,9.754861116409302,1
552,0.003155946731567383,9.879535913467407,1
553,0.002613067626953125,10.20165205001831,1
554,0.02134394645690918,9.885028839111328,1
555,0.09072995185852051,10.084596872329712,1
556,0.0002498626708984375,10.127762079238892,1
557,0.016242265701293945,10.208502054214478,1
558,0.0215151309967041,10.115770816802979,1
559,0.1098489761352539,9.982805967330933,1
560,1.8595190048217773,9.973000764846802,1
561,1.9848787784576416,9.959460735321045,1
562,0.0004029273986816406,9.848737955093384,1
563,0.025203943252563477,9.7689688205719,1
564,1.1467866897583008,10.468795776367188,1
565,0.9476008415222168,9.77733302116394,1
566,0.0003561973571777344,6.237940073013306,1
567,0.35635995864868164,5.780078887939453,2
568,0.03860187530517578,5.840079069137573,2
569,0.00026702880859375,5.88904881477356,1
570,0.0010280609130859375,5.837262153625488,1
571,1.0290489196777344,5.838152885437012,1
572,2.002716064453125e-05,5.801743268966675,1
573,0.463076114654541,5.852291107177734,1
574,0.4901270866394043,5.8373191356658936,1
575,0.6924221515655518,5.778297185897827,1
576,0.0020983219146728516,5.935802221298218,1
577,0.0003871917724609375,5.8248021602630615,1
578,0.6633353233337402,5.928487300872803,1
579,1.1205673217773438e-05,5.8208160400390625,1
580,0.023155927658081055,5.785665035247803,1
581,2.094764232635498,5.7829413414001465,1
582,1.8835067749023438e-05,5.808520793914795,1
583,0.09785127639770508,5.817099094390869,2
584,1.7593958377838135,7.227092981338501,1
585,0.0030460357666015625,11.64470100402832,1
586,0.0012161731719970703,10.952409029006958,1
587,0.01764392852783203,10.696053981781006,1
588,0.0004658699035644531,10.448749780654907,1
589,2.2276298999786377,10.198118925094604,1
590,0.23751592636108398,10.231675863265991,1
591,0.0035631656646728516,10.677900075912476,1
592,0.2511608600616455,10.048580884933472,1
593,2.720583200454712,9.9218111038208,1
594,1.4247891902923584,9.777724981307983,1
595,0.0037338733673095703,10.619305849075317,1
596,0.6980600357055664,10.429659128189087,1
597,0.787468671798706,10.305455684661865,1
598,0.6421937942504883,10.452147960662842,1
599,0.012335062026977539,9.218240022659302,1
600,0.005143165588378906,5.845554351806641,1
601,0.0009198188781738281,5.825602054595947,1
602,1.3828277587890625e-05,5.825078010559082,1
603,0.002293109893798828,5.996845006942749,1
604,1.0967254638671875e-05,5.821104049682617,1
605,0.2836570739746094,5.8022541999816895,1
606,1.7820181846618652,5.812851905822754,1
607,0.8615028858184814,5.810889005661011,1
608,0.19157719612121582,5.88027811050415,1
609,0.006783008575439453,5.870193243026733,1
610,0.0437779426574707,5.82013726234436,1
611,0.0003237724304199219,5.784326791763306,1
612,0.27548885345458984,5.8168559074401855,1
613,0.0003409385681152344,5.835113763809204,1
614,0.0019769668579101562,5.837523937225342,1
615,0.0019528865814208984,5.804788827896118,1
616,0.42685914039611816,6.0644309520721436,1
617,0.34775495529174805,5.798925161361694,1
618,0.01917886734008789,5.980291843414307,2
619,1.9493098258972168,5.805211782455444,2
620,1.330064058303833,5.84381103515625,1
621,0.007085084915161133,5.9008800983428955,1
622,1.2524330615997314,5.807486057281494,1
623,0.01986408233642578,5.8173651695251465,1
624,0.008060216903686523,5.832234144210815,1
625,0.0022470951080322266,5.798011064529419,1
626,0.00040411949157714844,5.8257410526275635,1
627,0.05253005027770996,5.858203172683716,2
628,1.999173879623413,5.8037049770355225,2
629,0.3721129894256592,5.82565712928772,1
630,0.03906679153442383,5.88384485244751,1
631,0.009592056274414062,6.05221700668335,1
632,0.2860589027404785,5.965263843536377,1
633,0.0028388500213623047,5.897732973098755,1
634,0.2893869876861572,5.936034917831421,1
635,0.0001049041748046875,5.86267876625061,1
636,0.6739599704742432,5.8480541706085205,2
637,0.011307001113891602,5.986387014389038,1
638,0.09953689575195312,5.7976508140563965,1
639,0.08734798431396484,5.790355920791626,1
640,0.0013806819915771484,5.80319881439209,1
641,0.292896032333374,9.391491651535034,1
642,0.0002551078796386719,9.838239908218384,1
643,1.6825251579284668,8.277059078216553,1
644,0.0010962486267089844,5.73949408531189,1
645,0.027273893356323242,5.869809865951538,1
646,0.6174180507659912,5.855987071990967,1
647,0.18402695655822754,5.854445219039917,1
648,0.0009300708770751953,5.831048250198364,2
649,0.5280599594116211,5.764536142349243,1
650,1.790898084640503,5.794288873672485,2
651,0.004390239715576172,5.800332069396973,1
652,0.04313302040100098,5.779955148696899,1
653,0.7083806991577148,5.863300085067749,1
654,0.006896018981933594,5.840030908584595,1
655,0.0009851455688476562,5.861726999282837,1
656,0.07054424285888672,5.922865152359009,1
657,1.2636184692382812e-05,5.907595634460449,1
658,0.29892396926879883,5.852599143981934,1
659,1.2022731304168701,5.7844860553741455,1
660,0.012706995010375977,5.800648927688599,1
661,4.601478576660156e-05,8.087385177612305,1
662,0.034336090087890625,9.960997819900513,1
663,0.00026488304138183594,9.396783113479614,1
664,1.019930124282837,6.178852081298828,1
665,0.0762476921081543,5.828709840774536,1
666,0.0002789497375488281,5.801346063613892,1
667,0.00023412704467773438,5.8457019329071045,1
668,0.4479219913482666,8.681236982345581,2
669,0.20955610275268555,9.635500192642212,1
670,0.715001106262207,9.494258165359497,1
671,0.0980980396270752,5.921044111251831,1
672,2.6702880859375e-05,5.878391981124878,1
673,0.08631706237792969,5.82816481590271,1
674,0.006385087966918945,5.844339847564697,1
675,0.003081798553466797,5.805192947387695,1
676,0.011775016784667969,6.043702125549316,1
677,1.2298166751861572,5.824612855911255,1
678,0.0002162456512451172,5.99375319480896,1
679,0.010078907012939453,5.818718910217285,1
680,0.5461180210113525,5.837226867675781,2
681,0.10561585426330566,6.05138087272644,1
682,0.8039348125457764,5.999925851821899,1
683,0.0032329559326171875,5.802495002746582,1
684,0.000209808349609375,5.847269058227539,1
685,0.022642850875854492,5.815337896347046,1
686,1.276278018951416,5.887127161026001,2
687,0.855198860168457,5.934086799621582,3
688,0.0005769729614257812,5.810921907424927,1
689,0.004307985305786133,5.829902172088623,1
690,6.985664367675781e-05,6.154343843460083,1
691,0.023894071578979492,5.9251978397369385,1
692,0.06558990478515625,5.875857830047607,1
693,2.2805299758911133,6.079870939254761,2
694,0.0005419254302978516,5.84286093711853,1
695,1.6689300537109375e-05,5.7983558177948,1
696,0.006297111511230469,5.800968885421753,1
697,1.6353740692138672,5.814955949783325,1
698,0.04344296455383301,5.754457950592041,1
699,0.12045121192932129,5.754861116409302,1
700,0.46929478645324707,5.787125110626221,1
701,0.0002930164337158203,5.7769880294799805,1
702,3.504753112792969e-05,5.757412910461426,1
703,0.26986217498779297,5.817758321762085,1
704,0.001505136489868164,5.804906129837036,1
705,1.788818120956421,5.8349151611328125,2
706,0.0015380382537841797,5.774565935134888,1
707,0.06813693046569824,5.779887914657593,1
708,0.00012493133544921875,5.763807058334351,1
709,0.27574586868286133,5.809991836547852,2
710,0.007998943328857422,5.8056557178497314,1
711,3.218650817871094e-05,5.912672758102417,1
712,0.8742611408233643,5.775929927825928,1
713,0.000141143798828125,5.774423122406006,1
714,0.10117602348327637,5.771026849746704,1
715,0.12540793418884277,5.805894136428833,1
716,0.09542989730834961,6.01444411277771,1
717,2.1312599182128906,5.8110268115997314,1
718,0.002228260040283203,5.7471232414245605,1
719,5.412101745605469e-05,5.7747321128845215,1
720,0.2584209442138672,7.994947671890259,1
721,4.291534423828125e-05,10.571577072143555,1
722,0.006451845169067383,10.195677995681763,1
723,0.009714126586914062,7.214307069778442,1
724,0.8490879535675049,5.853269100189209,1
725,0.011929988861083984,5.763750791549683,1
726,0.013340950012207031,5.821498870849609,1
727,0.001016855239868164,5.837292671203613,1
728,0.006381034851074219,5.819131135940552,1
729,0.0008139610290527344,5.792436122894287,1
730,2.5272369384765625e-05,5.783359050750732,1
731,0.00028967857360839844,5.837743759155273,1
732,0.08791685104370117,5.865697145462036,1
733,0.04889202117919922,5.793428182601929,1
734,1.766077995300293,5.9195451736450195,1
735,0.19752812385559082,5.94559907913208,1
736,0.008525609970092773,5.865704774856567,2
737,0.0020101070404052734,5.894931077957153,1
738,0.008308887481689453,5.77859902381897,1
739,0.14923810958862305,5.972597122192383,1
